INSERT INTO `wp_termmeta` (`meta_id`, `term_id`, `meta_key`, `meta_value`) VALUES (1, 15, 'product_count_product_cat', '4'), (24, 279, 'product_count_product_tag', '0'), (25, 280, 'product_count_product_tag', '0'), (26, 281, 'product_count_product_tag', '0'), (27, 282, 'product_count_product_tag', '0'), (28, 283, 'product_count_product_tag', '0'), (29, 284, 'product_count_product_tag', '0'), (30, 285, 'product_count_product_tag', '0'), (31, 286, 'product_count_product_tag', '0'), (32, 287, 'product_count_product_tag', '0'), (33, 288, 'product_count_product_tag', '0'), (34, 289, 'product_count_product_tag', '0'), (35, 290, 'product_count_product_tag', '0'), (36, 291, 'product_count_product_tag', '0'), (37, 292, 'product_count_product_tag', '0'), (38, 293, 'product_count_product_tag', '0'), (39, 294, 'product_count_product_tag', '0'), (40, 295, 'product_count_product_tag', '0'), (41, 296, 'product_count_product_tag', '0'), (42, 297, 'product_count_product_tag', '0'), (43, 298, 'product_count_product_tag', '0'), (44, 299, 'product_count_product_tag', '0'), (45, 300, 'product_count_product_tag', '0'), (46, 301, 'product_count_product_tag', '0'), (47, 302, 'product_count_product_tag', '0'), (48, 303, 'product_count_product_tag', '0'), (49, 304, 'product_count_product_tag', '0'), (50, 305, 'product_count_product_tag', '0'), (51, 306, 'product_count_product_tag', '0'), (52, 307, 'product_count_product_tag', '0'), (53, 308, 'product_count_product_tag', '0'), (54, 309, 'product_count_product_tag', '0'), (55, 310, 'product_count_product_tag', '0'), (56, 311, 'product_count_product_tag', '0'), (57, 312, 'product_count_product_tag', '0'), (58, 313, 'product_count_product_tag', '0'), (59, 314, 'product_count_product_tag', '0'), (60, 315, 'product_count_product_tag', '0'), (61, 316, 'product_count_product_tag', '0'), (62, 317, 'product_count_product_tag', '0'), (63, 318, 'product_count_product_tag', '0'), (75, 322, 'category_icon', 'flaticon-car-9'), (76, 323, 'category_icon', ''), (77, 324, 'category_icon', ''), (78, 325, 'category_icon', ''), (79, 326, 'category_icon', ''), (80, 327, 'category_icon', ''), (81, 328, 'category_icon', ''), (82, 329, 'category_icon', ''), (83, 330, 'category_icon', ''), (84, 331, 'category_icon', ''), (85, 332, 'category_icon', ''), (86, 333, 'category_icon', ''), (87, 334, 'category_icon', 'flaticon-car-door'), (88, 335, 'category_icon', ''), (89, 336, 'category_icon', ''), (90, 337, 'category_icon', ''), (91, 338, 'category_icon', ''), (92, 339, 'category_icon', ''), (93, 340, 'category_icon', ''), (94, 341, 'category_icon', 'flaticon-garage'), (95, 342, 'category_icon', ''), (96, 343, 'category_icon', ''), (97, 344, 'category_icon', ''), (98, 345, 'category_icon', ''), (99, 346, 'category_icon', ''), (100, 347, 'category_icon', ''), (101, 348, 'category_icon', ''), (102, 349, 'category_icon', ''), (103, 350, 'category_icon', ''), (104, 351, 'category_icon', ''), (105, 352, 'category_icon', ''), (106, 353, 'category_icon', 'flaticon-car-2'), (107, 354, 'category_icon', ''), (108, 355, 'category_icon', ''), (109, 356, 'category_icon', ''), (110, 357, 'category_icon', ''), (111, 358, 'category_icon', ''), (112, 359, 'category_icon', ''), (113, 360, 'category_icon', ''), (114, 361, 'category_icon', 'flaticon-tyre'), (115, 362, 'category_icon', ''), (116, 363, 'category_icon', ''), (117, 364, 'category_icon', ''), (118, 365, 'category_icon', ''), (119, 366, 'category_icon', ''), (120, 367, 'category_icon', ''), (121, 389, 'category_icon', ''), (122, 390, 'category_icon', ''), (123, 391, 'category_icon', ''), (124, 392, 'category_icon', ''), (125, 393, 'category_icon', ''), (126, 394, 'category_icon', ''), (127, 395, 'category_icon', ''), (128, 396, 'category_icon', ''), (129, 397, 'category_icon', ''), (130, 414, 'order', '0'), (131, 414, 'display_type', ''), (132, 414, 'thumbnail_id', '0'), (133, 415, 'order', '0'), (134, 415, 'display_type', ''), (135, 415, 'thumbnail_id', '0'), (136, 416, 'order', '0'), (137, 416, 'display_type', ''), (138, 416, 'thumbnail_id', '0'), (139, 417, 'order', '0'), (140, 417, 'display_type', ''), (141, 417, 'thumbnail_id', '0'), (142, 418, 'order', '0'), (143, 418, 'display_type', ''), (144, 418, 'thumbnail_id', '0'), (145, 417, 'product_count_product_cat', '9'), (146, 419, 'product_count_product_tag', '2'), (147, 420, 'product_count_product_tag', '3'), (148, 421, 'product_count_product_tag', '2'), (149, 414, 'product_count_product_cat', '5'), (150, 415, 'product_count_product_cat', '7'), (151, 422, 'product_count_product_tag', '3'), (152, 423, 'product_count_product_tag', '1'), (153, 424, 'product_count_product_tag', '2'), (154, 425, 'product_count_product_tag', '1'), (155, 426, 'product_count_product_tag', '1'), (156, 416, 'product_count_product_cat', '1'), (157, 427, 'product_count_product_tag', '1'), (158, 428, 'product_count_product_tag', '1'), (159, 429, 'product_count_product_tag', '2'), (160, 430, 'product_count_product_tag', '1'), (161, 431, 'product_count_product_tag', '1'), (162, 432, 'product_count_product_tag', '1'), (163, 433, 'product_count_product_tag', '1'), (164, 434, 'product_count_product_tag', '1'), (165, 418, 'product_count_product_cat', '1'), (166, 435, 'product_count_product_tag', '1'), (167, 436, 'product_count_product_tag', '1'), (168, 437, 'product_count_product_tag', '1'), (169, 438, 'product_count_product_tag', '1'), (170, 439, 'product_count_product_tag', '1'), (171, 440, 'product_count_product_tag', '1'), (172, 441, 'product_count_product_tag', '1'), (173, 442, 'product_count_product_tag', '1'), (174, 443, 'category_icon', 'flaticon-fuel-station'), (175, 445, 'category_icon', ''), (176, 446, 'category_icon', ''), (177, 447, 'category_icon', ''), (178, 448, 'category_icon', ''), (179, 449, 'category_icon', '');  
 
INSERT INTO `wp_terms` (`term_id`, `name`, `slug`, `term_group`) VALUES (1, 'Uncategorized', 'uncategorized', 0), (2, 'simple', 'simple', 0), (3, 'grouped', 'grouped', 0), (4, 'variable', 'variable', 0), (5, 'external', 'external', 0), (6, 'exclude-from-search', 'exclude-from-search', 0), (7, 'exclude-from-catalog', 'exclude-from-catalog', 0), (8, 'featured', 'featured', 0), (9, 'outofstock', 'outofstock', 0), (10, 'rated-1', 'rated-1', 0), (11, 'rated-2', 'rated-2', 0), (12, 'rated-3', 'rated-3', 0), (13, 'rated-4', 'rated-4', 0), (14, 'rated-5', 'rated-5', 0), (15, 'Uncategorized', 'uncategorized', 0), (16, 'Popular Destinations', 'popular-destinations', 0), (17, 'Cheap Hotels', 'cheap-hotels', 0), (18, 'Shopping', 'shopping', 0), (19, 'Beaches &amp; Sun', 'beaches-sun', 0), (20, 'Fast Foods', 'fast-foods', 0), (115, 'United State', 'united-state', 0), (116, 'Alabama', 'alabama', 0), (117, 'Anniston', 'anniston', 0), (118, 'Chickasaw', 'chickasaw', 0), (119, 'Demopolis', 'demopolis', 0), (120, 'Enterprise', 'enterprise', 0), (121, 'Phenix City', 'phenix-city', 0), (122, 'Sheffield', 'sheffield', 0), (123, 'Arizona', 'arizona', 0), (124, 'Avondale', 'avondale', 0), (125, 'Bisbee', 'bisbee', 0), (126, 'Casa Grande', 'casa-grande', 0), (127, 'Kingman', 'kingman', 0), (128, 'Lake Havasu City', 'lake-havasu-city', 0), (129, 'Arkansas', 'arkansas', 0), (130, 'Little Rock', 'little-rock', 0), (131, 'Pine Bluff', 'pine-bluff', 0), (132, 'Hot Springs', 'hot-springs', 0), (133, 'Pakistan', 'pakistan', 0), (134, 'Punjab', 'punjab', 0), (135, 'Sindh', 'sindh', 0), (136, 'Balochistan', 'balochistan', 0), (137, 'Khyber Pakhtunkhwa', 'khyber-pakhtunkhwa', 0), (138, 'Lahore', 'lahore', 0), (139, 'Model Town Link Road', 'model-town-link-road', 0), (140, 'Peshawer', 'peshawer', 0), (141, 'Abazai', 'abazai', 0), (142, 'Karachi', 'karachi', 0), (143, 'Gulberg Town', 'gulberg-town', 0), (144, 'Quetta', 'quetta', 0), (145, 'Abid town', 'abid-town', 0), (146, 'Cheap', 'cheap', 0), (147, 'Economical', 'economical', 0), (148, 'Expensive', 'expensive', 0), (149, 'Ultra Expensive', 'ultra-expensive', 0), (150, '€', 'e', 0), (151, '£', '151', 0), (152, '$', '152', 0), (153, '¢', '%c2%a2', 0), (154, 'pizza.hotel', 'pizza-hotel', 0), (155, 'bar', 'bar', 0), (156, 'tasty', 'tasty', 0), (157, 'food', 'food', 0), (158, 'pizza', 'pizza', 0), (159, 'burger', 'burger', 0), (160, 'spicy', 'spicy', 0), (161, 'broast', 'broast', 0), (162, 'crunchy', 'crunchy', 0), (163, 'spacey', 'spacey', 0), (167, 'Real estate', 'real-estate', 0), (168, 'Investment', 'investment', 0), (169, 'Houses', 'houses', 0), (170, 'Apartments', 'apartments', 0), (171, 'Departments', 'departments', 0), (172, 'Day Spas', 'day-spas', 0), (173, 'Skin Care', 'skin-care', 0), (174, 'Tanning Salons', 'tanning-salons', 0), (175, 'Nail Salons', 'nail-salons', 0), (176, 'Yoga Instruction', 'yoga-instruction', 0), (177, 'Beauty Salons', 'beauty-salons', 0), (178, 'Massage Services', 'massage-services', 0), (179, 'Massage Therapists', 'massage-therapists', 0), (180, 'Acupuncture', 'acupuncture', 0), (181, 'Make-Up Artists', 'make-up-artists', 0), (182, 'Permanent Make-Up', 'permanent-make-up', 0), (183, 'Hair Stylists', 'hair-stylists', 0), (184, 'Body Wrap Salons', 'body-wrap-salons', 0), (185, 'Cosmetologists', 'cosmetologists', 0), (186, 'Hair Removal', 'hair-removal', 0), (187, 'Auto Repair &amp; Service', 'auto-repair-service', 0), (188, 'Automobile Parts &amp; Supplies', 'automobile-parts-supplies', 0), (189, 'Brake Repair', 'brake-repair', 0), (190, 'Auto Oil &amp; Lube', 'auto-oil-lube', 0), (191, 'Automobile Air Conditioning Equipment-Service &amp; Repair', 'automobile-air-conditioning-equipment-service-repair', 0), (192, 'Tire Dealers', 'tire-dealers', 0), (193, 'Automobile Electric Service', 'automobile-electric-service', 0), (194, 'Tire Recap', 'tire-recap', 0), (195, 'Retread &amp; Repair', 'retread-repair', 0), (196, 'Wheels-Aligning &amp; Balancing', 'wheels-aligning-balancing', 0), (197, 'Mufflers &amp; Exhaust Systems', 'mufflers-exhaust-systems', 0), (198, 'Wheel Alignment-Frame &amp; Axle Servicing-Automotive', 'wheel-alignment-frame-axle-servicing-automotive', 0), (199, 'Emissions Inspection Stations', 'emissions-inspection-stations', 0), (200, 'Automobile Electrical Equipment', 'automobile-electrical-equipment', 0), (201, 'Discount Stores', 'discount-stores', 0), (202, 'Clothing Stores', 'clothing-stores', 0), (203, 'Outlet Stores', 'outlet-stores', 0), (204, 'Men\'s Clothing Wholesalers &amp; Manufacturers', 'mens-clothing-wholesalers-manufacturers', 0), (205, 'Women\'s Clothing Wholesalers &amp; Manufacturers', 'womens-clothing-wholesalers-manufacturers', 0), (206, 'Art Galleries', 'art-galleries', 0), (207, 'Dealers &amp; Consultants', 'dealers-consultants', 0), (208, 'Fine Art Artists', 'fine-art-artists', 0), (209, 'Medical', 'medical', 0), (210, 'Physical therapy', 'physical-therapy', 0), (211, 'Chiropractic', 'chiropractic', 0), (212, 'Manipulation Under Anesthesia', 'manipulation-under-anesthesia', 0), (213, 'Diagnostic testing', 'diagnostic-testing', 0), (214, 'Hearing tests', 'hearing-tests', 0), (215, 'Hearing aids', 'hearing-aids', 0), (216, 'Hearing and Tinnitus rehabilitation', 'hearing-and-tinnitus-rehabilitation', 0), (217, 'Custom musician monitors &amp; protective hearing &amp; swim plugs', 'custom-musician-monitors-protective-hearing-swim-plugs', 0), (218, 'Assistive listening devices', 'assistive-listening-devices', 0), (219, 'yummy', 'yummy', 0), (220, 'quality', 'quality', 0), (221, 'Health Clubs', 'health-clubs', 0), (222, 'Exercise &amp; Physical Fitness Programs', 'exercise-physical-fitness-programs', 0), (223, 'Gymnasiums', 'gymnasiums', 0), (224, 'Physical Fitness Consultants &amp; Trainers', 'physical-fitness-consultants-trainers', 0), (225, 'Personal Fitness Trainers', 'personal-fitness-trainers', 0), (226, 'Hotels', 'hotels', 0), (227, 'Lodging', 'lodging', 0), (228, 'Corporate Lodging', 'corporate-lodging', 0), (229, 'Consumer Electronics', 'consumer-electronics', 0), (230, 'General Merchandise', 'general-merchandise', 0), (231, 'Variety Stores', 'variety-stores', 0), (232, 'Hair Weaving', 'hair-weaving', 0), (233, 'Hair Braiding', 'hair-braiding', 0), (234, 'Entertainment Agencies &amp; Bureaus', 'entertainment-agencies-bureaus', 0), (235, 'Family &amp; Business Entertainers', 'family-business-entertainers', 0), (236, 'Japanese Restaurants', 'japanese-restaurants', 0), (237, 'Family Style Restaurants', 'family-style-restaurants', 0), (238, 'Asian Restaurants', 'asian-restaurants', 0), (239, 'Sushi Bars', 'sushi-bars', 0), (240, 'Restaurants', 'restaurants', 0), (241, 'Automobile Body Repairing &amp; Painting', 'automobile-body-repairing-painting', 0), (242, 'Automobile Customizing', 'automobile-customizing', 0), (243, 'Automotive Tune Up Service', 'automotive-tune-up-service', 0), (244, 'downtown_pkgs', 'downtown_pkgs', 0), (245, 'Blue', 'blue', 0), (246, 'Green', 'green', 0), (247, 'Large', 'large', 0), (248, 'Medium', 'medium', 0), (249, 'Red', 'red', 0), (250, 'Small', 'small', 0), (253, 'Gray', 'gray', 0), (255, 'Yellow', 'yellow', 0), (271, 'Australia', 'australia', 0), (272, 'France', 'france', 0), (273, 'United Kingdom', 'united-kingdom', 0), (274, 'Italy', 'italy', 0), (275, 'Florida', 'florida', 0), (279, 'cannon', 'cannon', 0), (280, 'camera', 'camera', 0), (281, 'dslr', 'dslr', 0), (282, 'mark', 'mark', 0), (283, 'shirts', 'shirts', 0), (284, 'Polo', 'polo', 0), (285, 'pack', 'pack', 0), (286, 'watch', 'watch', 0), (287, 'apple', 'apple', 0), (288, 'smart watch', 'smart-watch', 0), (289, 'moto 360', 'moto-360', 0), (290, 'shoes', 'shoes', 0), (291, 'volcom', 'volcom', 0), (292, 'Leather', 'leather', 0), (293, 'Shoe', 'shoe', 0), (294, 'headphone', 'headphone', 0), (295, 'bluetooth', 'bluetooth', 0), (296, 'wireless', 'wireless', 0), (297, 'Quartz', 'quartz', 0), (298, 'Casual', 'casual', 0), (299, 'samsung', 'samsung', 0), (300, 'galaxy', 'galaxy', 0), (301, 's6', 's6', 0), (302, 'gold', 'gold', 0), (303, 'style', 'style', 0), (304, 'classic', 'classic', 0), (305, 'purse', 'purse', 0), (306, 'elegent', 'elegent', 0), (307, 'sleeveless', 'sleeveless', 0), (308, 'dress', 'dress', 0), (309, 'embroidered', 'embroidered', 0), (310, 'cocktail', 'cocktail', 0), (311, 'Runner', 'runner', 0), (312, 'Merrell', 'merrell', 0), (313, 'laptop', 'laptop', 0), (314, 'lenovo', 'lenovo', 0), (315, 'Ideapad', 'ideapad', 0), (316, 't shirt', 't-shirt', 0), (317, 'mens wear', 'mens-wear', 0), (318, 'summer collection', 'summer-collection', 0), (319, 'tag', 'tag', 0), (320, 'tag2', 'tag2', 0), (321, 'dwt_listing_pkgs', 'dwt_listing_pkgs', 0), (322, 'Auto Repair', 'auto-repair', 0), (323, 'Battery testing and replacement', 'battery-testing-and-replacement', 0), (324, 'Electrical Systems', 'electrical-systems', 0), (325, 'Brakes, rotors, and hoses', 'brakes-rotors-and-hoses', 0), (326, 'Drive-lines', 'drive-lines', 0), (327, 'Engine Diagnostics', 'engine-diagnostics', 0), (328, 'Fluid Exchange Services', 'fluid-exchange-services', 0), (329, 'Air Conditioning System', 'air-conditioning-system', 0), (330, 'Oil, Lube and Filter Services', 'oil-lube-and-filter-services', 0), (331, 'Muffler and Exhaust', 'muffler-and-exhaust', 0), (332, 'Tires and Alignment', 'tires-and-alignment', 0), (333, 'Steering and Suspension', 'steering-and-suspension', 0), (334, 'Auto Body Parts', 'body-shop', 0), (335, 'Repair all makes/models', 'repair-all-makes-models', 0), (336, 'Frame Straightening', 'frame-straightening', 0), (337, 'Computerised paint mixing/matching', 'computerised-paint-mixing-matching', 0), (338, 'PPG Auto Finishing', 'ppg-auto-finishing', 0), (339, 'Free Collision Estimate', 'free-collision-estimate', 0), (340, 'Life Time Warrenty', 'life-time-warrenty', 0), (341, 'Auto Dealers', 'auto-dealers', 0), (342, 'Cars', 'cars', 0), (343, 'Bikes', 'bikes', 0), (344, 'Boats', 'boats', 0), (345, 'Trucks', 'trucks', 0), (346, 'Bicycles', 'bicycles', 0), (347, 'Scotties', 'scotties', 0), (348, 'Heavy Bikes', 'heavy-bikes', 0), (349, 'Heavy Vehicles', 'heavy-vehicles', 0), (350, 'Three Wheeler', 'three-wheeler', 0), (351, 'Two Wheeler', 'two-wheeler', 0), (352, 'Jeeps/Vans', 'jeeps-vans', 0), (353, 'Car Wash', 'car-wash', 0), (354, 'Exterior Wash', 'exterior-wash', 0), (355, 'Interior Vacuum', 'interior-vacuum', 0), (356, 'Interior Windows', 'interior-windows', 0), (357, 'Dashboard Wipe-down', 'dashboard-wipe-down', 0), (358, 'Wheel Brite', 'wheel-brite', 0), (359, 'Tire Sine', 'tire-sine', 0), (360, 'Mat Cleaning/ Mat Shampoo', 'mat-cleaning-mat-shampoo', 0), (361, 'Oil Change shops', 'oil-change-shops', 0), (362, 'Motor Oils', 'motor-oils', 0), (363, 'Bike Oils', 'bike-oils', 0), (364, 'Automatic Transmission Fluids', 'automatic-transmission-fluids', 0), (365, 'Brake and Clutch Fluid', 'brake-and-clutch-fluid', 0), (366, 'Oil Change', 'oil-change', 0), (367, 'Wash', 'wash', 0), (368, 'cars', 'cars', 0), (369, 'dealer', 'dealer', 0), (370, 'auto', 'auto', 0), (371, 'motors', 'motors', 0), (372, 'auto repair', 'auto-repair', 0), (373, 'services', 'services', 0), (374, 'tires', 'tires', 0), (375, 'body', 'body', 0), (376, 'repair', 'repair', 0), (377, 'bikes', 'bikes', 0), (378, 'cycles', 'cycles', 0), (379, 'dealers', 'dealers', 0), (380, 'oil change', 'oil-change', 0), (381, 'boat spot', 'boat-spot', 0), (382, 'boats', 'boats', 0), (383, 'van', 'van', 0), (384, 'jeeps', 'jeeps', 0), (385, 'shops', 'shops', 0), (386, 'car repair', 'car-repair', 0), (387, 'shop', 'shop', 0), (388, 'car service', 'car-service', 0), (389, 'Bonnet/hood', 'bonnet-hood', 0), (390, 'Bumper', 'bumper', 0), (391, 'Doors', 'doors', 0), (392, 'Windows', 'windows', 0), (393, 'Electrical supply system', 'electrical-supply-system', 0), (394, 'Gauges and meters', 'gauges-and-meters', 0), (395, 'Lighting and signaling system', 'lighting-and-signaling-system', 0), (396, 'Sensors', 'sensors', 0), (397, 'Electrical switches', 'electrical-switches', 0), (398, 'body parts', 'body-parts', 0), (399, 'bike', 'bike', 0), (400, 'truck', 'truck', 0), (401, 'heavy vehicle', 'heavy-vehicle', 0), (402, 'car wash', 'car-wash', 0), (403, 'wash', 'wash', 0), (404, 'color', 'color', 0), (405, 'auto parts', 'auto-parts', 0), (406, 'doors', 'doors', 0), (407, 'windows', 'windows', 0), (408, 'scotties', 'scotties', 0), (409, 'Cars', 'cars', 0), (410, 'Bikes', 'bikes', 0), (411, 'Boats', 'boats', 0), (412, 'Exhibition', 'exhibition', 0), (413, 'Auto Parts', 'auto-parts', 0), (414, 'Automotive', 'automotive', 0), (415, 'Cars', 'cars', 0), (416, 'Bike', 'bike', 0), (417, 'Auto Parts', 'auto-parts', 0), (418, 'Auto Oil', 'auto-oil', 0), (419, 'automotive', 'automotive', 0), (420, 'parts', 'parts', 0), (421, 'auto parts', 'auto-parts', 0), (422, 'car', 'car', 0), (423, 'rims', 'rims', 0), (424, 'tire', 'tire', 0), (425, 'plantinum', 'plantinum', 0), (426, 'saber', 'saber', 0), (427, 'rubber', 'rubber', 0), (428, 'rack', 'rack', 0), (429, 'bumper', 'bumper', 0), (430, 'front car', 'front-car', 0), (431, 'set', 'set', 0), (432, 'bumper set', 'bumper-set', 0), (433, 'steering', 'steering', 0), (434, 'alfa romeo', 'alfa-romeo', 0), (435, 'engine oil', 'engine-oil', 0), (436, 'oil', 'oil', 0), (437, 'automobile', 'automobile', 0), (438, 'spoiler', 'spoiler', 0), (439, 'cars', 'cars', 0), (440, 'seat', 'seat', 0), (441, 'covers', 'covers', 0), (442, 'seat covers', 'seat-covers', 0), (443, 'Gas Station', 'gas-station', 0), (444, 'Menu 1', 'menu-1', 0), (445, 'Barber Shops', 'barber-shops', 0), (446, 'Beauty Salon', 'beauty-salon', 0), (447, 'Day Spas', 'day-spas', 0), (448, 'Hair Salon', 'hair-salon', 0), (449, 'Nail Salons', 'nail-salons', 0);  
 
INSERT INTO `wp_term_relationships` (`object_id`, `term_taxonomy_id`, `term_order`) VALUES (0, 154, 0), (0, 155, 0), (0, 156, 0), (9, 20, 0), (14, 17, 0), (21, 18, 0), (24, 16, 0), (27, 19, 0), (31, 20, 0), (44, 2, 0), (44, 8, 0), (44, 12, 0), (44, 15, 0), (44, 245, 0), (44, 246, 0), (44, 247, 0), (44, 248, 0), (44, 249, 0), (44, 250, 0), (45, 2, 0), (45, 12, 0), (45, 15, 0), (45, 245, 0), (45, 246, 0), (45, 249, 0), (45, 313, 0), (45, 314, 0), (45, 315, 0), (46, 2, 0), (46, 14, 0), (46, 15, 0), (46, 245, 0), (46, 290, 0), (46, 293, 0), (46, 311, 0), (46, 312, 0), (47, 2, 0), (47, 14, 0), (47, 15, 0), (47, 253, 0), (47, 303, 0), (47, 304, 0), (47, 305, 0), (47, 306, 0), (48, 2, 0), (48, 13, 0), (48, 15, 0), (48, 249, 0), (48, 307, 0), (48, 308, 0), (48, 309, 0), (48, 310, 0), (58, 2, 0), (58, 11, 0), (58, 414, 0), (58, 415, 0), (58, 417, 0), (58, 440, 0), (58, 441, 0), (58, 442, 0), (60, 2, 0), (60, 8, 0), (60, 13, 0), (60, 15, 0), (60, 255, 0), (60, 414, 0), (60, 417, 0), (60, 420, 0), (60, 437, 0), (60, 438, 0), (60, 439, 0), (62, 2, 0), (62, 8, 0), (62, 12, 0), (62, 418, 0), (62, 422, 0), (62, 435, 0), (62, 436, 0), (66, 2, 0), (66, 8, 0), (66, 14, 0), (66, 414, 0), (66, 415, 0), (66, 417, 0), (66, 433, 0), (66, 434, 0), (68, 2, 0), (68, 14, 0), (68, 246, 0), (68, 415, 0), (68, 417, 0), (70, 2, 0), (70, 11, 0), (70, 245, 0), (70, 415, 0), (70, 429, 0), (70, 431, 0), (70, 432, 0), (73, 2, 0), (73, 14, 0), (73, 414, 0), (73, 415, 0), (73, 417, 0), (73, 420, 0), (73, 422, 0), (73, 429, 0), (73, 430, 0), (75, 2, 0), (75, 14, 0), (75, 415, 0), (75, 416, 0), (75, 417, 0), (75, 424, 0), (75, 427, 0), (75, 428, 0), (83, 2, 0), (83, 14, 0), (83, 253, 0), (83, 417, 0), (83, 421, 0), (83, 424, 0), (83, 425, 0), (83, 426, 0), (85, 2, 0), (85, 13, 0), (85, 249, 0), (85, 417, 0), (87, 3, 0), (87, 13, 0), (87, 414, 0), (87, 415, 0), (87, 419, 0), (87, 422, 0), (87, 423, 0), (89, 5, 0), (89, 14, 0), (89, 417, 0), (89, 419, 0), (89, 420, 0), (89, 421, 0), (2534, 15, 0), (2534, 321, 0), (2546, 15, 0), (2546, 321, 0), (2549, 15, 0), (2549, 321, 0), (2591, 115, 0), (2591, 129, 0), (2591, 148, 0), (2591, 152, 0), (2591, 341, 0), (2591, 343, 0), (2591, 346, 0), (2591, 347, 0), (2591, 377, 0), (2591, 379, 0), (2591, 408, 0), (2601, 18, 0), (2607, 19, 0), (2610, 17, 0), (2615, 115, 0), (2615, 129, 0), (2615, 146, 0), (2615, 152, 0), (2615, 334, 0), (2615, 336, 0), (2615, 337, 0), (2615, 338, 0), (2615, 339, 0), (2615, 389, 0), (2615, 390, 0), (2615, 391, 0), (2615, 392, 0), (2615, 395, 0), (2615, 405, 0), (2615, 406, 0), (2615, 407, 0), (2622, 115, 0), (2622, 129, 0), (2622, 147, 0), (2622, 152, 0), (2622, 187, 0), (2622, 188, 0), (2622, 189, 0), (2622, 190, 0), (2622, 191, 0), (2622, 192, 0), (2622, 193, 0), (2622, 194, 0), (2622, 195, 0), (2622, 196, 0), (2622, 197, 0), (2622, 198, 0), (2622, 199, 0), (2622, 200, 0), (2622, 341, 0), (2622, 342, 0), (2622, 343, 0), (2622, 344, 0), (2622, 346, 0), (2622, 347, 0), (2622, 348, 0), (2622, 349, 0), (2622, 352, 0), (2636, 115, 0), (2636, 116, 0), (2636, 122, 0), (2636, 146, 0), (2636, 152, 0), (2636, 361, 0), (2636, 362, 0), (2636, 363, 0), (2636, 364, 0), (2636, 365, 0), (2636, 366, 0), (2636, 367, 0), (2644, 115, 0), (2644, 129, 0), (2644, 131, 0), (2644, 147, 0), (2644, 152, 0), (2644, 353, 0), (2644, 354, 0), (2644, 355, 0), (2644, 356, 0), (2644, 357, 0), (2644, 358, 0), (2644, 359, 0), (2644, 360, 0), (2644, 373, 0), (2644, 377, 0), (2644, 402, 0), (2655, 115, 0), (2655, 129, 0), (2655, 148, 0), (2655, 152, 0), (2655, 341, 0), (2655, 345, 0), (2655, 349, 0), (2655, 379, 0), (2655, 400, 0), (2655, 401, 0), (2662, 115, 0), (2662, 129, 0), (2662, 147, 0), (2662, 152, 0), (2662, 334, 0), (2662, 368, 0), (2662, 389, 0), (2662, 390, 0), (2662, 391, 0), (2662, 392, 0), (2662, 395, 0), (2662, 398, 0), (2662, 399, 0), (2669, 115, 0), (2669, 129, 0), (2669, 149, 0), (2669, 151, 0), (2669, 322, 0), (2669, 323, 0), (2669, 325, 0), (2669, 326, 0), (2669, 327, 0), (2669, 329, 0), (2669, 331, 0), (2669, 386, 0), (2669, 387, 0), (2669, 388, 0), (2682, 115, 0), (2682, 129, 0), (2682, 147, 0), (2682, 152, 0), (2682, 341, 0), (2682, 349, 0), (2682, 352, 0), (2682, 379, 0), (2682, 383, 0), (2682, 384, 0), (2682, 385, 0), (2688, 115, 0), (2688, 123, 0), (2688, 124, 0), (2688, 147, 0), (2688, 152, 0), (2688, 341, 0), (2688, 344, 0), (2688, 379, 0), (2688, 381, 0), (2688, 382, 0), (2693, 115, 0), (2693, 129, 0), (2693, 130, 0), (2693, 146, 0), (2693, 152, 0), (2693, 361, 0), (2693, 368, 0), (2693, 377, 0), (2693, 380, 0), (2700, 115, 0), (2700, 147, 0), (2700, 152, 0), (2700, 353, 0), (2700, 354, 0), (2700, 355, 0), (2700, 356, 0), (2700, 357, 0), (2700, 358, 0), (2700, 359, 0), (2700, 360, 0), (2700, 402, 0), (2700, 403, 0), (2700, 404, 0), (2705, 115, 0), (2705, 116, 0), (2705, 119, 0), (2705, 147, 0), (2705, 152, 0), (2705, 341, 0), (2705, 343, 0), (2705, 346, 0), (2705, 377, 0), (2705, 378, 0), (2705, 379, 0), (2710, 115, 0), (2710, 147, 0), (2710, 152, 0), (2710, 322, 0), (2710, 372, 0), (2710, 373, 0), (2710, 374, 0), (2710, 375, 0), (2710, 376, 0), (2717, 115, 0), (2717, 129, 0), (2717, 147, 0), (2717, 152, 0), (2717, 187, 0), (2717, 241, 0), (2717, 242, 0), (2717, 243, 0), (2717, 334, 0), (2717, 335, 0), (2717, 336, 0), (2717, 337, 0), (2717, 338, 0), (2717, 339, 0), (2717, 340, 0), (2812, 412, 0), (2816, 409, 0), (2820, 413, 0), (2825, 409, 0), (2832, 411, 0), (2838, 412, 0), (2842, 412, 0), (2851, 410, 0), (3204, 115, 0), (3204, 116, 0), (3204, 118, 0), (3204, 147, 0), (3204, 152, 0), (3204, 341, 0), (3204, 342, 0), (3204, 350, 0), (3204, 352, 0), (3204, 368, 0), (3204, 369, 0), (3204, 370, 0), (3204, 371, 0), (3819, 444, 0), (3820, 444, 0), (3821, 444, 0), (3822, 444, 0), (3823, 444, 0), (3824, 444, 0), (3825, 444, 0), (3826, 444, 0), (3827, 444, 0), (3828, 444, 0), (3829, 444, 0), (3830, 444, 0), (3831, 444, 0), (3832, 444, 0), (3833, 444, 0), (3834, 444, 0), (3835, 444, 0), (3836, 444, 0), (3837, 444, 0), (3838, 444, 0), (3839, 444, 0), (3840, 444, 0), (3841, 444, 0), (3842, 444, 0), (3843, 444, 0), (3844, 444, 0), (3845, 444, 0), (3846, 444, 0), (3847, 444, 0), (3848, 444, 0), (3849, 444, 0), (3850, 444, 0), (3851, 444, 0), (3852, 444, 0), (3858, 444, 0), (3859, 444, 0), (3860, 444, 0), (3861, 444, 0), (3862, 444, 0), (3863, 444, 0), (3864, 444, 0), (3865, 444, 0), (3866, 444, 0), (3867, 444, 0), (3868, 444, 0), (3869, 444, 0), (3870, 444, 0), (3871, 444, 0), (3873, 444, 0), (3874, 444, 0), (3875, 444, 0);  
 
INSERT INTO `wp_term_taxonomy` (`term_taxonomy_id`, `term_id`, `taxonomy`, `description`, `parent`, `count`) VALUES (1, 1, 'category', '', 0, 0), (2, 2, 'product_type', '', 0, 10), (3, 3, 'product_type', '', 0, 1), (4, 4, 'product_type', '', 0, 0), (5, 5, 'product_type', '', 0, 1), (6, 6, 'product_visibility', '', 0, 0), (7, 7, 'product_visibility', '', 0, 0), (8, 8, 'product_visibility', '', 0, 3), (9, 9, 'product_visibility', '', 0, 0), (10, 10, 'product_visibility', '', 0, 0), (11, 11, 'product_visibility', '', 0, 2), (12, 12, 'product_visibility', '', 0, 1), (13, 13, 'product_visibility', '', 0, 3), (14, 14, 'product_visibility', '', 0, 6), (15, 15, 'product_cat', '', 0, 4), (16, 16, 'category', '', 0, 1), (17, 17, 'category', '', 0, 2), (18, 18, 'category', '', 0, 2), (19, 19, 'category', '', 0, 2), (20, 20, 'category', '', 0, 2), (115, 115, 'l_location', '', 0, 16), (116, 116, 'l_location', '', 115, 3), (117, 117, 'l_location', '', 116, 0), (118, 118, 'l_location', '', 116, 1), (119, 119, 'l_location', '', 116, 1), (120, 120, 'l_location', '', 116, 0), (121, 121, 'l_location', '', 116, 0), (122, 122, 'l_location', '', 116, 1), (123, 123, 'l_location', '', 115, 1), (124, 124, 'l_location', '', 123, 1), (125, 125, 'l_location', '', 123, 0), (126, 126, 'l_location', '', 123, 0), (127, 127, 'l_location', '', 123, 0), (128, 128, 'l_location', '', 123, 0), (129, 129, 'l_location', '', 115, 10), (130, 130, 'l_location', '', 129, 1), (131, 131, 'l_location', '', 129, 1), (132, 132, 'l_location', '', 129, 0), (133, 133, 'l_location', '', 0, 0), (134, 134, 'l_location', '', 133, 0), (135, 135, 'l_location', '', 133, 0), (136, 136, 'l_location', '', 133, 0), (137, 137, 'l_location', '', 133, 0), (138, 138, 'l_location', '', 134, 0), (139, 139, 'l_location', '', 138, 0), (140, 140, 'l_location', '', 137, 0), (141, 141, 'l_location', '', 140, 0), (142, 142, 'l_location', '', 135, 0), (143, 143, 'l_location', '', 142, 0), (144, 144, 'l_location', '', 136, 0), (145, 145, 'l_location', '', 144, 0), (146, 146, 'l_price_type', '', 0, 3), (147, 147, 'l_price_type', '', 0, 10), (148, 148, 'l_price_type', '', 0, 2), (149, 149, 'l_price_type', '', 0, 1), (150, 150, 'l_currency', '', 0, 0), (151, 151, 'l_currency', '', 0, 1), (152, 152, 'l_currency', '', 0, 15), (153, 153, 'l_currency', '', 0, 0), (154, 154, 'l_tags', '', 0, 0), (155, 155, 'l_tags', '', 0, 0), (156, 156, 'l_tags', '', 0, 0), (157, 157, 'l_tags', '', 0, 0), (158, 158, 'l_tags', '', 0, 0), (159, 159, 'l_tags', '', 0, 0), (160, 160, 'l_tags', '', 0, 0), (161, 161, 'l_tags', '', 0, 0), (162, 162, 'l_tags', '', 0, 0), (163, 163, 'l_tags', '', 0, 0), (167, 167, 'l_tags', '', 0, 0), (168, 168, 'l_tags', '', 0, 0), (169, 169, 'l_tags', '', 0, 0), (170, 170, 'l_tags', '', 0, 0), (171, 171, 'l_tags', '', 0, 0), (172, 172, 'l_tags', '', 0, 0), (173, 173, 'l_tags', '', 0, 0), (174, 174, 'l_tags', '', 0, 0), (175, 175, 'l_tags', '', 0, 0), (176, 176, 'l_tags', '', 0, 0), (177, 177, 'l_tags', '', 0, 0), (178, 178, 'l_tags', '', 0, 0), (179, 179, 'l_tags', '', 0, 0), (180, 180, 'l_tags', '', 0, 0), (181, 181, 'l_tags', '', 0, 0), (182, 182, 'l_tags', '', 0, 0), (183, 183, 'l_tags', '', 0, 0), (184, 184, 'l_tags', '', 0, 0), (185, 185, 'l_tags', '', 0, 0), (186, 186, 'l_tags', '', 0, 0), (187, 187, 'l_tags', '', 0, 2), (188, 188, 'l_tags', '', 0, 1), (189, 189, 'l_tags', '', 0, 1), (190, 190, 'l_tags', '', 0, 1), (191, 191, 'l_tags', '', 0, 1), (192, 192, 'l_tags', '', 0, 1), (193, 193, 'l_tags', '', 0, 1), (194, 194, 'l_tags', '', 0, 1), (195, 195, 'l_tags', '', 0, 1), (196, 196, 'l_tags', '', 0, 1), (197, 197, 'l_tags', '', 0, 1), (198, 198, 'l_tags', '', 0, 1), (199, 199, 'l_tags', '', 0, 1), (200, 200, 'l_tags', '', 0, 1), (201, 201, 'l_tags', '', 0, 0), (202, 202, 'l_tags', '', 0, 0), (203, 203, 'l_tags', '', 0, 0), (204, 204, 'l_tags', '', 0, 0), (205, 205, 'l_tags', '', 0, 0), (206, 206, 'l_tags', '', 0, 0), (207, 207, 'l_tags', '', 0, 0), (208, 208, 'l_tags', '', 0, 0), (209, 209, 'l_tags', '', 0, 0), (210, 210, 'l_tags', '', 0, 0), (211, 211, 'l_tags', '', 0, 0), (212, 212, 'l_tags', '', 0, 0), (213, 213, 'l_tags', '', 0, 0), (214, 214, 'l_tags', '', 0, 0), (215, 215, 'l_tags', '', 0, 0), (216, 216, 'l_tags', '', 0, 0), (217, 217, 'l_tags', '', 0, 0), (218, 218, 'l_tags', '', 0, 0), (219, 219, 'l_tags', '', 0, 0), (220, 220, 'l_tags', '', 0, 0), (221, 221, 'l_tags', '', 0, 0), (222, 222, 'l_tags', '', 0, 0), (223, 223, 'l_tags', '', 0, 0), (224, 224, 'l_tags', '', 0, 0), (225, 225, 'l_tags', '', 0, 0), (226, 226, 'l_tags', '', 0, 0), (227, 227, 'l_tags', '', 0, 0), (228, 228, 'l_tags', '', 0, 0), (229, 229, 'l_tags', '', 0, 0), (230, 230, 'l_tags', '', 0, 0), (231, 231, 'l_tags', '', 0, 0), (232, 232, 'l_tags', '', 0, 0), (233, 233, 'l_tags', '', 0, 0), (234, 234, 'l_tags', '', 0, 0), (235, 235, 'l_tags', '', 0, 0), (236, 236, 'l_tags', '', 0, 0), (237, 237, 'l_tags', '', 0, 0), (238, 238, 'l_tags', '', 0, 0), (239, 239, 'l_tags', '', 0, 0), (240, 240, 'l_tags', '', 0, 0), (241, 241, 'l_tags', '', 0, 1), (242, 242, 'l_tags', '', 0, 1), (243, 243, 'l_tags', '', 0, 1), (244, 244, 'product_type', '', 0, 0), (245, 245, 'pa_color', '', 0, 4), (246, 246, 'pa_color', '', 0, 3), (247, 247, 'pa_size', '', 0, 1), (248, 248, 'pa_size', '', 0, 1), (249, 249, 'pa_color', '', 0, 4), (250, 250, 'pa_size', '', 0, 1), (253, 253, 'pa_color', '', 0, 2), (255, 255, 'pa_color', '', 0, 1), (271, 271, 'l_location', '', 0, 0), (272, 272, 'l_location', '', 0, 0), (273, 273, 'l_location', '', 0, 0), (274, 274, 'l_location', '', 0, 0), (275, 275, 'l_location', '', 115, 0), (279, 279, 'product_tag', '', 0, 0), (280, 280, 'product_tag', '', 0, 0), (281, 281, 'product_tag', '', 0, 0), (282, 282, 'product_tag', '', 0, 0), (283, 283, 'product_tag', '', 0, 0), (284, 284, 'product_tag', '', 0, 0), (285, 285, 'product_tag', '', 0, 0), (286, 286, 'product_tag', '', 0, 0), (287, 287, 'product_tag', '', 0, 0), (288, 288, 'product_tag', '', 0, 0), (289, 289, 'product_tag', '', 0, 0), (290, 290, 'product_tag', '', 0, 0), (291, 291, 'product_tag', '', 0, 0), (292, 292, 'product_tag', '', 0, 0), (293, 293, 'product_tag', '', 0, 0), (294, 294, 'product_tag', '', 0, 0), (295, 295, 'product_tag', '', 0, 0), (296, 296, 'product_tag', '', 0, 0), (297, 297, 'product_tag', '', 0, 0), (298, 298, 'product_tag', '', 0, 0), (299, 299, 'product_tag', '', 0, 0), (300, 300, 'product_tag', '', 0, 0), (301, 301, 'product_tag', '', 0, 0), (302, 302, 'product_tag', '', 0, 0), (303, 303, 'product_tag', '', 0, 0), (304, 304, 'product_tag', '', 0, 0), (305, 305, 'product_tag', '', 0, 0), (306, 306, 'product_tag', '', 0, 0), (307, 307, 'product_tag', '', 0, 0), (308, 308, 'product_tag', '', 0, 0), (309, 309, 'product_tag', '', 0, 0), (310, 310, 'product_tag', '', 0, 0), (311, 311, 'product_tag', '', 0, 0), (312, 312, 'product_tag', '', 0, 0), (313, 313, 'product_tag', '', 0, 0), (314, 314, 'product_tag', '', 0, 0), (315, 315, 'product_tag', '', 0, 0), (316, 316, 'product_tag', '', 0, 0), (317, 317, 'product_tag', '', 0, 0), (318, 318, 'product_tag', '', 0, 0), (319, 319, 'l_tags', '', 0, 0), (320, 320, 'l_tags', '', 0, 0), (321, 321, 'product_type', '', 0, 3), (322, 322, 'l_category', '', 0, 2), (323, 323, 'l_category', '', 322, 1), (324, 324, 'l_category', '', 322, 0), (325, 325, 'l_category', '', 322, 1), (326, 326, 'l_category', '', 322, 1), (327, 327, 'l_category', '', 322, 1), (328, 328, 'l_category', '', 322, 0), (329, 329, 'l_category', '', 322, 1), (330, 330, 'l_category', '', 322, 0), (331, 331, 'l_category', '', 322, 1), (332, 332, 'l_category', '', 322, 0), (333, 333, 'l_category', '', 322, 0), (334, 334, 'l_category', '', 0, 3), (335, 335, 'l_category', '', 334, 1), (336, 336, 'l_category', '', 334, 2), (337, 337, 'l_category', '', 334, 2), (338, 338, 'l_category', '', 334, 2), (339, 339, 'l_category', '', 334, 2), (340, 340, 'l_category', '', 334, 1), (341, 341, 'l_category', '', 0, 7), (342, 342, 'l_category', '', 341, 2), (343, 343, 'l_category', '', 341, 3), (344, 344, 'l_category', '', 341, 2), (345, 345, 'l_category', '', 341, 1), (346, 346, 'l_category', '', 341, 3), (347, 347, 'l_category', '', 341, 2), (348, 348, 'l_category', '', 341, 1), (349, 349, 'l_category', '', 341, 3), (350, 350, 'l_category', '', 341, 1), (351, 351, 'l_category', '', 341, 0), (352, 352, 'l_category', '', 341, 3), (353, 353, 'l_category', '', 0, 2), (354, 354, 'l_category', '', 353, 2), (355, 355, 'l_category', '', 353, 2), (356, 356, 'l_category', '', 353, 2), (357, 357, 'l_category', '', 353, 2), (358, 358, 'l_category', '', 353, 2), (359, 359, 'l_category', '', 353, 2), (360, 360, 'l_category', '', 353, 2), (361, 361, 'l_category', '', 0, 2), (362, 362, 'l_category', '', 361, 1), (363, 363, 'l_category', '', 361, 1), (364, 364, 'l_category', '', 361, 1), (365, 365, 'l_category', '', 361, 1), (366, 366, 'l_category', '', 361, 1), (367, 367, 'l_category', '', 361, 1), (368, 368, 'l_tags', '', 0, 3), (369, 369, 'l_tags', '', 0, 1), (370, 370, 'l_tags', '', 0, 1), (371, 371, 'l_tags', '', 0, 1), (372, 372, 'l_tags', '', 0, 1), (373, 373, 'l_tags', '', 0, 2), (374, 374, 'l_tags', '', 0, 1), (375, 375, 'l_tags', '', 0, 1), (376, 376, 'l_tags', '', 0, 1), (377, 377, 'l_tags', '', 0, 4), (378, 378, 'l_tags', '', 0, 1), (379, 379, 'l_tags', '', 0, 5), (380, 380, 'l_tags', '', 0, 1), (381, 381, 'l_tags', '', 0, 1), (382, 382, 'l_tags', '', 0, 1), (383, 383, 'l_tags', '', 0, 1), (384, 384, 'l_tags', '', 0, 1), (385, 385, 'l_tags', '', 0, 1), (386, 386, 'l_tags', '', 0, 1), (387, 387, 'l_tags', '', 0, 1), (388, 388, 'l_tags', '', 0, 1), (389, 389, 'l_category', '', 334, 2), (390, 390, 'l_category', '', 334, 2), (391, 391, 'l_category', '', 334, 2), (392, 392, 'l_category', '', 334, 2), (393, 393, 'l_category', '', 334, 0), (394, 394, 'l_category', '', 334, 0), (395, 395, 'l_category', '', 334, 2), (396, 396, 'l_category', '', 334, 0), (397, 397, 'l_category', '', 334, 0), (398, 398, 'l_tags', '', 0, 1), (399, 399, 'l_tags', '', 0, 1), (400, 400, 'l_tags', '', 0, 1), (401, 401, 'l_tags', '', 0, 1), (402, 402, 'l_tags', '', 0, 2), (403, 403, 'l_tags', '', 0, 1), (404, 404, 'l_tags', '', 0, 1), (405, 405, 'l_tags', '', 0, 1), (406, 406, 'l_tags', '', 0, 1), (407, 407, 'l_tags', '', 0, 1), (408, 408, 'l_tags', '', 0, 1), (409, 409, 'l_event_cat', '', 0, 2), (410, 410, 'l_event_cat', '', 0, 1), (411, 411, 'l_event_cat', '', 0, 1), (412, 412, 'l_event_cat', '', 0, 3), (413, 413, 'l_event_cat', '', 0, 1), (414, 414, 'product_cat', '', 0, 5), (415, 415, 'product_cat', '', 0, 7), (416, 416, 'product_cat', '', 0, 1), (417, 417, 'product_cat', '', 0, 9), (418, 418, 'product_cat', '', 0, 1), (419, 419, 'product_tag', '', 0, 2), (420, 420, 'product_tag', '', 0, 3), (421, 421, 'product_tag', '', 0, 2), (422, 422, 'product_tag', '', 0, 3), (423, 423, 'product_tag', '', 0, 1), (424, 424, 'product_tag', '', 0, 2), (425, 425, 'product_tag', '', 0, 1), (426, 426, 'product_tag', '', 0, 1), (427, 427, 'product_tag', '', 0, 1), (428, 428, 'product_tag', '', 0, 1), (429, 429, 'product_tag', '', 0, 2), (430, 430, 'product_tag', '', 0, 1), (431, 431, 'product_tag', '', 0, 1), (432, 432, 'product_tag', '', 0, 1), (433, 433, 'product_tag', '', 0, 1), (434, 434, 'product_tag', '', 0, 1), (435, 435, 'product_tag', '', 0, 1), (436, 436, 'product_tag', '', 0, 1), (437, 437, 'product_tag', '', 0, 1), (438, 438, 'product_tag', '', 0, 1), (439, 439, 'product_tag', '', 0, 1), (440, 440, 'product_tag', '', 0, 1), (441, 441, 'product_tag', '', 0, 1), (442, 442, 'product_tag', '', 0, 1), (443, 443, 'l_category', '', 0, 0), (444, 444, 'nav_menu', '', 0, 51), (445, 445, 'l_category', '', 0, 0), (446, 446, 'l_category', '', 0, 0), (447, 447, 'l_category', '', 0, 0), (448, 448, 'l_category', '', 0, 0), (449, 449, 'l_category', '', 0, 0);