INSERT INTO `wp_termmeta` (`meta_id`, `term_id`, `meta_key`, `meta_value`) VALUES
(1, 15, 'product_count_product_cat', '3'),(2, 251, 'order', '0'),(3, 252, 'order', '0'),
(4, 254, 'order', '0'),
(5, 256, 'order', '0'),
(6, 257, 'order', '0'),
(7, 258, 'order', '0'),
(8, 251, 'product_count_product_cat', '2'),
(9, 252, 'product_count_product_cat', '0'),
(10, 254, 'product_count_product_cat', '3'),
(11, 256, 'product_count_product_cat', '0'),
(12, 257, 'product_count_product_cat', '2'),
(13, 258, 'product_count_product_cat', '0'),
(14, 259, 'order', '0'),
(15, 260, 'order', '0'),
(16, 261, 'order', '0'),
(17, 259, 'product_count_product_cat', '1'),
(18, 260, 'product_count_product_cat', '1'),
(19, 261, 'product_count_product_cat', '2'),
(20, 278, 'order', '0'),
(21, 278, 'display_type', ''),
(22, 278, 'thumbnail_id', '0'),
(23, 278, 'product_count_product_cat', '4'),
(24, 279, 'product_count_product_tag', '1'),
(25, 280, 'product_count_product_tag', '1'),
(26, 281, 'product_count_product_tag', '1'),
(27, 282, 'product_count_product_tag', '1'),
(28, 283, 'product_count_product_tag', '1'),
(29, 284, 'product_count_product_tag', '1'),
(30, 285, 'product_count_product_tag', '0'),
(31, 286, 'product_count_product_tag', '1'),
(32, 287, 'product_count_product_tag', '0'),
(33, 288, 'product_count_product_tag', '1'),
(34, 289, 'product_count_product_tag', '0'),
(35, 290, 'product_count_product_tag', '0'),
(36, 291, 'product_count_product_tag', '0'),
(37, 292, 'product_count_product_tag', '0'),
(38, 293, 'product_count_product_tag', '0'),
(39, 294, 'product_count_product_tag', '1'),
(40, 295, 'product_count_product_tag', '1'),
(41, 296, 'product_count_product_tag', '1'),
(42, 297, 'product_count_product_tag', '0'),
(43, 298, 'product_count_product_tag', '0'),
(44, 299, 'product_count_product_tag', '0'),
(45, 300, 'product_count_product_tag', '0'),
(46, 301, 'product_count_product_tag', '0'),
(47, 302, 'product_count_product_tag', '0'),
(48, 303, 'product_count_product_tag', '0'),
(49, 304, 'product_count_product_tag', '0'),
(50, 305, 'product_count_product_tag', '0'),
(51, 306, 'product_count_product_tag', '0'),
(52, 307, 'product_count_product_tag', '0'),
(53, 308, 'product_count_product_tag', '0'),
(54, 309, 'product_count_product_tag', '0'),
(55, 310, 'product_count_product_tag', '0'),
(56, 311, 'product_count_product_tag', '0'),
(57, 312, 'product_count_product_tag', '0'),
(58, 313, 'product_count_product_tag', '0'),
(59, 314, 'product_count_product_tag', '0'),
(60, 315, 'product_count_product_tag', '0'),
(61, 316, 'product_count_product_tag', '1'),
(62, 317, 'product_count_product_tag', '1'),
(63, 318, 'product_count_product_tag', '1'),
(64, 277, 'category_icon', 'icon-travel-and-lodging'),
(65, 28, 'category_icon', 'icon-shopping-venues'),
(66, 27, 'category_icon', 'icon-repair-and-service'),
(67, 26, 'category_icon', 'icon-food-and-dining'),
(68, 25, 'category_icon', 'icon-construction-and-real-estate'),
(69, 24, 'category_icon', 'icon-property-management'),
(70, 23, 'category_icon', 'icon-dental'),
(71, 22, 'category_icon', 'icon-day-spas'),
(72, 39, 'category_icon', 'icon-antique'),
(73, 21, 'category_icon', 'icon-entertainment-and-arts'),
(74, 276, 'category_icon', 'icon-electronics');
INSERT INTO `wp_terms` (`term_id`, `name`, `slug`, `term_group`) VALUES
(1, 'Uncategorized', 'uncategorized', 0),
(2, 'simple', 'simple', 0),
(3, 'grouped', 'grouped', 0),
(4, 'variable', 'variable', 0),
(5, 'external', 'external', 0),
(6, 'exclude-from-search', 'exclude-from-search', 0),
(7, 'exclude-from-catalog', 'exclude-from-catalog', 0),
(8, 'featured', 'featured', 0),
(9, 'outofstock', 'outofstock', 0),
(10, 'rated-1', 'rated-1', 0),
(11, 'rated-2', 'rated-2', 0),
(12, 'rated-3', 'rated-3', 0),
(13, 'rated-4', 'rated-4', 0),
(14, 'rated-5', 'rated-5', 0),
(15, 'Uncategorized', 'uncategorized', 0),
(16, 'Popular Destinations', 'popular-destinations', 0),
(17, 'Cheap Hotels', 'cheap-hotels', 0),
(18, 'Shopping', 'shopping', 0),
(19, 'Beaches &amp; Sun', 'beaches-sun', 0),
(20, 'Fast Foods', 'fast-foods', 0),
(21, 'Arts', 'arts-entertainment', 0),
(22, 'Beauty', 'beauty-spa', 0),
(23, 'Health', 'health-medical', 0),
(24, 'Hotels', 'hotels', 0),
(25, 'Real Estate', 'real-estate', 0),
(26, 'Restaurant', 'restaurant', 0),
(27, 'Services', 'services', 0),
(28, 'Shopping', 'shopping', 0),
(29, 'Stadiums &amp; Arenas', 'stadiums-arenas', 0),
(30, 'Arcades', 'arcades', 0),
(31, 'Cinema', 'cinema', 0),
(32, 'Museums', 'museums', 0),
(33, 'Festivals', 'festivals', 0),
(34, 'Music Venues', 'music-venues', 0),
(35, 'Cultural Center', 'cultural-center', 0),
(36, 'Art Galleries', 'art-galleries', 0),
(37, 'Street Parking', 'street-parking', 0),
(39, 'Automotive', 'automotive', 0),
(40, 'Car Dealers', 'car-dealers', 0),
(41, 'Gas &amp; Services Stations', 'gas-services-stations', 0),
(42, 'Auto Repair', 'auto-repair', 0),
(43, 'Car Wash', 'car-wash', 0),
(44, 'Body Shops', 'body-shops', 0),
(45, 'Special', 'special', 0),
(47, 'Barbers', 'barbers', 0),
(48, 'Tanning', 'tanning', 0),
(49, 'Waxing', 'waxing', 0),
(50, 'Hair Salons', 'hair-salons', 0),
(51, 'Day Spas', 'day-spas', 0),
(52, 'Nail Salons', 'nail-salons', 0),
(53, 'Massage', 'massage', 0),
(54, 'Hair Removal', 'hair-removal', 0),
(55, 'Makeup Artists', 'makeup-artists', 0),
(56, 'Pets Friendly', 'pets-friendly', 0),
(57, 'Wireless Internet', 'wireless-internet', 0),
(58, 'Acupuncture', 'acupuncture', 0),
(59, 'Chiropractors', 'chiropractors', 0),
(60, 'Dentists', 'dentists', 0),
(61, 'Optometrists', 'optometrists', 0),
(62, 'Urgent Care', 'urgent-care', 0),
(63, 'Street Parking', 'street-parking-health-medical', 0),
(64, 'Resorts', 'resorts', 0),
(65, 'Car Rental', 'car-rental', 0),
(66, 'Airports', 'airports', 0),
(67, 'Bed &amp; Breakfast', 'bed-breakfast', 0),
(68, 'Smoking Allowed', 'smoking-allowed', 0),
(69, 'Pets Friendly', 'pets-friendly-hotels', 0),
(70, 'Wireless Internet', 'wireless-internet-hotels', 0),
(71, 'Street Parking', 'street-parking-hotels', 0),
(73, 'Apartments', 'apartments', 0),
(74, 'Condominiums', 'condominiums', 0),
(75, 'Real Estate Agents', 'real-estate-agents', 0),
(76, 'University Housing', 'university-housing', 0),
(77, 'Shared Office Spaces', 'shared-office-spaces', 0),
(78, 'Bike Parking', 'bike-parking', 0),
(80, 'Smoking Allowed', 'smoking-allowed-restaurant', 0),
(81, 'Special', 'special-restaurant', 0),
(82, 'Pets Friendly', 'pets-friendly-restaurant', 0),
(83, 'Wireless Internet', 'wireless-internet-restaurant', 0),
(84, 'Street Parking', 'street-parking-restaurant', 0),
(85, 'Accepts Cards', 'accepts-credit-cards-restaurant', 0),
(86, 'Electricians', 'electricians', 0),
(87, 'Carpeting', 'carpeting', 0),
(88, 'Flooring', 'flooring', 0),
(89, 'Home Cleaning', 'home-cleaning', 0),
(90, 'Painters', 'painters', 0),
(91, 'Carpenters', 'carpenters', 0),
(92, 'Lawyers', 'lawyers', 0),
(93, 'Banks &amp; Credit Unions', 'banks-credit-unions', 0),
(94, 'Business Financing', 'business-financing', 0),
(95, 'Currency Exchange', 'currency-exchange', 0),
(96, 'Tax Services', 'tax-services', 0),
(97, 'BookKeepers', 'bookkeepers', 0),
(98, 'Marketing', 'marketing', 0),
(99, 'Advertising', 'advertising', 0),
(100, 'Accountants', 'accountants', 0),
(101, 'Electronics', 'electronics', 0),
(102, 'Sporting Goods', 'sporting-goods', 0),
(103, 'Books', 'books', 0),
(104, 'Mags', 'mags', 0),
(105, 'Home &amp; Garden', 'home-garden', 0),
(106, 'Men Clothing', 'men-clothing', 0),
(107, 'Music', 'music', 0),
(108, 'Jewelry', 'jewelry', 0),
(109, 'Women Clothing', 'women-clothing', 0),
(110, 'Fashion', 'fashion', 0),
(111, 'Home Delivery', 'home-delivery', 0),
(112, 'Accessories', 'accessories', 0),
(115, 'United State', 'united-state', 0),
(116, 'Alabama', 'alabama', 0),
(117, 'Anniston', 'anniston', 0),
(118, 'Chickasaw', 'chickasaw', 0),
(119, 'Demopolis', 'demopolis', 0),
(120, 'Enterprise', 'enterprise', 0),
(121, 'Phenix City', 'phenix-city', 0),
(122, 'Sheffield', 'sheffield', 0),
(123, 'Arizona', 'arizona', 0),
(124, 'Avondale', 'avondale', 0),
(125, 'Bisbee', 'bisbee', 0),
(126, 'Casa Grande', 'casa-grande', 0),
(127, 'Kingman', 'kingman', 0),
(128, 'Lake Havasu City', 'lake-havasu-city', 0),
(129, 'Arkansas', 'arkansas', 0),
(130, 'Little Rock', 'little-rock', 0),
(131, 'Pine Bluff', 'pine-bluff', 0),
(132, 'Hot Springs', 'hot-springs', 0),
(133, 'Pakistan', 'pakistan', 0),
(134, 'Punjab', 'punjab', 0),
(135, 'Sindh', 'sindh', 0),
(136, 'Balochistan', 'balochistan', 0),
(137, 'Khyber Pakhtunkhwa', 'khyber-pakhtunkhwa', 0),
(138, 'Lahore', 'lahore', 0),
(139, 'Model Town Link Road', 'model-town-link-road', 0),
(140, 'Peshawer', 'peshawer', 0),
(141, 'Abazai', 'abazai', 0),
(142, 'Karachi', 'karachi', 0),
(143, 'Gulberg Town', 'gulberg-town', 0),
(144, 'Quetta', 'quetta', 0),
(145, 'Abid town', 'abid-town', 0),
(146, 'Cheap', 'cheap', 0),
(147, 'Economical', 'economical', 0),
(148, 'Expensive', 'expensive', 0),
(149, 'Ultra Expensive', 'ultra-expensive', 0),
(150, '€', 'e', 0),
(151, '£', '151', 0),
(152, '$', '152', 0),
(153, '¢', '%c2%a2', 0),
(154, 'pizza.hotel', 'pizza-hotel', 0),
(155, 'bar', 'bar', 0),
(156, 'tasty', 'tasty', 0),
(157, 'food', 'food', 0),
(158, 'pizza', 'pizza', 0),
(159, 'burger', 'burger', 0),
(160, 'spicy', 'spicy', 0),
(161, 'broast', 'broast', 0),
(162, 'crunchy', 'crunchy', 0),
(163, 'spacey', 'spacey', 0),
(167, 'Real estate', 'real-estate', 0),
(168, 'Investment', 'investment', 0),
(169, 'Houses', 'houses', 0),
(170, 'Apartments', 'apartments', 0),
(171, 'Departments', 'departments', 0),
(172, 'Day Spas', 'day-spas', 0),
(173, 'Skin Care', 'skin-care', 0),
(174, 'Tanning Salons', 'tanning-salons', 0),
(175, 'Nail Salons', 'nail-salons', 0),
(176, 'Yoga Instruction', 'yoga-instruction', 0),
(177, 'Beauty Salons', 'beauty-salons', 0),
(178, 'Massage Services', 'massage-services', 0),
(179, 'Massage Therapists', 'massage-therapists', 0),
(180, 'Acupuncture', 'acupuncture', 0),
(181, 'Make-Up Artists', 'make-up-artists', 0),
(182, 'Permanent Make-Up', 'permanent-make-up', 0),
(183, 'Hair Stylists', 'hair-stylists', 0),
(184, 'Body Wrap Salons', 'body-wrap-salons', 0),
(185, 'Cosmetologists', 'cosmetologists', 0),
(186, 'Hair Removal', 'hair-removal', 0),
(187, 'Auto Repair &amp; Service', 'auto-repair-service', 0),
(188, 'Automobile Parts &amp; Supplies', 'automobile-parts-supplies', 0),
(189, 'Brake Repair', 'brake-repair', 0),
(190, 'Auto Oil &amp; Lube', 'auto-oil-lube', 0),
(191, 'Automobile Air Conditioning Equipment-Service &amp; Repair', 'automobile-air-conditioning-equipment-service-repair', 0),
(192, 'Tire Dealers', 'tire-dealers', 0),
(193, 'Automobile Electric Service', 'automobile-electric-service', 0),
(194, 'Tire Recap', 'tire-recap', 0),
(195, 'Retread &amp; Repair', 'retread-repair', 0),
(196, 'Wheels-Aligning &amp; Balancing', 'wheels-aligning-balancing', 0),
(197, 'Mufflers &amp; Exhaust Systems', 'mufflers-exhaust-systems', 0),
(198, 'Wheel Alignment-Frame &amp; Axle Servicing-Automotive', 'wheel-alignment-frame-axle-servicing-automotive', 0),
(199, 'Emissions Inspection Stations', 'emissions-inspection-stations', 0),
(200, 'Automobile Electrical Equipment', 'automobile-electrical-equipment', 0),
(201, 'Discount Stores', 'discount-stores', 0),
(202, 'Clothing Stores', 'clothing-stores', 0),
(203, 'Outlet Stores', 'outlet-stores', 0),
(204, 'Men\'s Clothing Wholesalers &amp; Manufacturers', 'mens-clothing-wholesalers-manufacturers', 0),
(205, 'Women\'s Clothing Wholesalers &amp; Manufacturers', 'womens-clothing-wholesalers-manufacturers', 0),
(206, 'Art Galleries', 'art-galleries', 0),
(207, 'Dealers &amp; Consultants', 'dealers-consultants', 0),
(208, 'Fine Art Artists', 'fine-art-artists', 0),
(209, 'Medical', 'medical', 0),
(210, 'Physical therapy', 'physical-therapy', 0),
(211, 'Chiropractic', 'chiropractic', 0),
(212, 'Manipulation Under Anesthesia', 'manipulation-under-anesthesia', 0),
(213, 'Diagnostic testing', 'diagnostic-testing', 0),
(214, 'Hearing tests', 'hearing-tests', 0),
(215, 'Hearing aids', 'hearing-aids', 0),
(216, 'Hearing and Tinnitus rehabilitation', 'hearing-and-tinnitus-rehabilitation', 0),
(217, 'Custom musician monitors &amp; protective hearing &amp; swim plugs', 'custom-musician-monitors-protective-hearing-swim-plugs', 0),
(218, 'Assistive listening devices', 'assistive-listening-devices', 0),
(219, 'yummy', 'yummy', 0),
(220, 'quality', 'quality', 0),
(221, 'Health Clubs', 'health-clubs', 0),
(222, 'Exercise &amp; Physical Fitness Programs', 'exercise-physical-fitness-programs', 0),
(223, 'Gymnasiums', 'gymnasiums', 0),
(224, 'Physical Fitness Consultants &amp; Trainers', 'physical-fitness-consultants-trainers', 0),
(225, 'Personal Fitness Trainers', 'personal-fitness-trainers', 0),
(226, 'Hotels', 'hotels', 0),
(227, 'Lodging', 'lodging', 0),
(228, 'Corporate Lodging', 'corporate-lodging', 0),
(229, 'Consumer Electronics', 'consumer-electronics', 0),
(230, 'General Merchandise', 'general-merchandise', 0),
(231, 'Variety Stores', 'variety-stores', 0),
(232, 'Hair Weaving', 'hair-weaving', 0),
(233, 'Hair Braiding', 'hair-braiding', 0),
(234, 'Entertainment Agencies &amp; Bureaus', 'entertainment-agencies-bureaus', 0),
(235, 'Family &amp; Business Entertainers', 'family-business-entertainers', 0),
(236, 'Japanese Restaurants', 'japanese-restaurants', 0),
(237, 'Family Style Restaurants', 'family-style-restaurants', 0),
(238, 'Asian Restaurants', 'asian-restaurants', 0),
(239, 'Sushi Bars', 'sushi-bars', 0),
(240, 'Restaurants', 'restaurants', 0),
(241, 'Automobile Body Repairing &amp; Painting', 'automobile-body-repairing-painting', 0),
(242, 'Automobile Customizing', 'automobile-customizing', 0),
(243, 'Automotive Tune Up Service', 'automotive-tune-up-service', 0),
(244, 'downtown_pkgs', 'downtown_pkgs', 0),
(245, 'Blue', 'blue', 0),
(246, 'Green', 'green', 0),
(247, 'Large', 'large', 0),
(248, 'Medium', 'medium', 0),
(249, 'Red', 'red', 0),
(250, 'Small', 'small', 0),
(251, 'Tshirts', 'tshirts', 0),
(252, 'Hoodies', 'hoodies', 0),
(253, 'Gray', 'gray', 0),
(254, 'Accessories', 'accessories', 0),
(255, 'Yellow', 'yellow', 0),
(256, 'Music', 'music', 0),
(257, 'Clothing', 'clothing', 0),
(258, 'Decor', 'decor', 0),
(259, 'Tshirts', 'tshirts-clothing', 0),
(260, 'Hoodies', 'hoodies-clothing', 0),
(261, 'Accessories', 'accessories-clothing', 0),
(262, 'Cafe &amp; Bar', 'cafe-bar', 0),
(263, 'Hotels &amp; Travel', 'hotels-travel', 0),
(264, 'Musical Nights', 'musical-nights', 0),
(265, 'Night Clubs', 'night-clubs', 0),
(266, 'Food Festivals', 'food-festivals', 0),
(267, 'Shopping', 'shopping', 0),
(268, 'Health &amp; Fitness', 'health-fitness', 0),
(269, 'Beauty Salon', 'beauty-salon', 0),
(270, 'Gaming', 'gaming', 0),
(271, 'Australia', 'australia', 0),
(272, 'France', 'france', 0),
(273, 'United Kingdom', 'united-kingdom', 0),
(274, 'Italy', 'italy', 0),
(275, 'Florida', 'florida', 0),
(276, 'Appliances', 'appliances', 0),
(277, 'Travel', 'travel', 0),
(278, 'Electronic', 'electronic', 0),
(279, 'cannon', 'cannon', 0),
(280, 'camera', 'camera', 0),
(281, 'dslr', 'dslr', 0),
(282, 'mark', 'mark', 0),
(283, 'shirts', 'shirts', 0),
(284, 'Polo', 'polo', 0),
(285, 'pack', 'pack', 0),
(286, 'watch', 'watch', 0),
(287, 'apple', 'apple', 0),
(288, 'smart watch', 'smart-watch', 0),
(289, 'moto 360', 'moto-360', 0),
(290, 'shoes', 'shoes', 0),
(291, 'volcom', 'volcom', 0),
(292, 'Leather', 'leather', 0),
(293, 'Shoe', 'shoe', 0),
(294, 'headphone', 'headphone', 0),
(295, 'bluetooth', 'bluetooth', 0),
(296, 'wireless', 'wireless', 0),
(297, 'Quartz', 'quartz', 0),
(298, 'Casual', 'casual', 0),
(299, 'samsung', 'samsung', 0),
(300, 'galaxy', 'galaxy', 0),
(301, 's6', 's6', 0),
(302, 'gold', 'gold', 0),
(303, 'style', 'style', 0),
(304, 'classic', 'classic', 0),
(305, 'purse', 'purse', 0),
(306, 'elegent', 'elegent', 0),
(307, 'sleeveless', 'sleeveless', 0),
(308, 'dress', 'dress', 0),
(309, 'embroidered', 'embroidered', 0),
(310, 'cocktail', 'cocktail', 0),
(311, 'Runner', 'runner', 0),
(312, 'Merrell', 'merrell', 0),
(313, 'laptop', 'laptop', 0),
(314, 'lenovo', 'lenovo', 0),
(315, 'Ideapad', 'ideapad', 0),
(316, 't shirt', 't-shirt', 0),
(317, 'mens wear', 'mens-wear', 0),
(318, 'summer collection', 'summer-collection', 0),
(319, 'tag', 'tag', 0),
(320, 'tag2', 'tag2', 0),
(321, 'dwt_listing_pkgs', 'dwt_listing_pkgs', 0),
(322, 'Primary Menu', 'primary-menu', 0);
INSERT INTO `wp_term_relationships` (`object_id`, `term_taxonomy_id`, `term_order`) VALUES
(0, 154, 0),
(0, 155, 0),
(0, 156, 0),
(44, 245, 0),
(44, 246, 0),
(44, 247, 0),
(44, 248, 0),
(44, 249, 0),
(44, 250, 0),
(45, 245, 0),
(45, 246, 0),
(45, 249, 0),
(46, 245, 0),
(47, 253, 0),
(48, 249, 0),
(60, 255, 0),
(64, 253, 0),
(68, 246, 0),
(70, 245, 0),
(73, 2, 0),
(73, 14, 0),
(73, 251, 0),
(73, 254, 0),
(73, 278, 0),
(73, 286, 0),
(73, 288, 0),
(75, 2, 0),
(75, 14, 0),
(75, 254, 0),
(75, 278, 0),
(83, 2, 0),
(83, 14, 0),
(83, 253, 0),
(83, 278, 0),
(83, 279, 0),
(83, 280, 0),
(83, 281, 0),
(83, 282, 0),
(85, 2, 0),
(85, 13, 0),
(85, 249, 0),
(85, 251, 0),
(85, 257, 0),
(85, 261, 0),
(87, 3, 0),
(87, 13, 0),
(87, 257, 0),
(87, 259, 0),
(87, 260, 0),
(87, 261, 0),
(87, 283, 0),
(87, 284, 0),
(87, 316, 0),
(87, 317, 0),
(87, 318, 0),
(89, 5, 0),
(89, 14, 0),
(89, 254, 0),
(89, 278, 0),
(89, 294, 0),
(89, 295, 0),
(89, 296, 0),
(2534, 15, 0),
(2534, 321, 0),
(2546, 15, 0),
(2546, 321, 0),
(2549, 15, 0),
(2549, 321, 0),
(2560, 26, 0),
(2560, 27, 0),
(2561, 23, 0),
(2561, 24, 0),
(2561, 26, 0),
(2561, 27, 0),
(2561, 28, 0),
(2562, 24, 0),
(2562, 26, 0),
(2562, 28, 0),
(2563, 21, 0),
(2564, 21, 0),
(2564, 22, 0),
(2564, 39, 0),
(2565, 39, 0),
(2566, 23, 0),
(2566, 24, 0),
(2566, 39, 0),
(2568, 24, 0),
(2568, 26, 0),
(2569, 24, 0),
(2569, 26, 0),
(2570, 24, 0),
(2570, 26, 0),
(2571, 24, 0),
(2571, 26, 0),
(2572, 24, 0),
(2572, 26, 0),
(2581, 26, 0),
(2581, 78, 0),
(2581, 80, 0),
(2581, 81, 0),
(2581, 82, 0),
(2581, 83, 0),
(2581, 84, 0),
(2581, 85, 0),
(2581, 115, 0),
(2581, 123, 0),
(2581, 127, 0),
(2581, 147, 0),
(2581, 152, 0),
(2581, 157, 0),
(2581, 158, 0),
(2581, 159, 0),
(2581, 160, 0),
(2581, 161, 0),
(2581, 162, 0),
(2601, 18, 0),
(2607, 19, 0),
(2610, 17, 0),
(2662, 23, 0),
(2662, 58, 0),
(2662, 59, 0),
(2662, 60, 0),
(2662, 61, 0),
(2662, 62, 0),
(2662, 63, 0),
(2662, 115, 0),
(2662, 129, 0),
(2662, 147, 0),
(2662, 152, 0),
(2662, 180, 0),
(2662, 209, 0),
(2662, 210, 0),
(2662, 211, 0),
(2662, 212, 0),
(2662, 213, 0),
(2662, 214, 0),
(2662, 215, 0),
(2662, 216, 0),
(2662, 217, 0),
(2662, 218, 0),
(2669, 26, 0),
(2669, 78, 0),
(2669, 80, 0),
(2669, 81, 0),
(2669, 82, 0),
(2669, 83, 0),
(2669, 84, 0),
(2669, 85, 0),
(2669, 115, 0),
(2669, 129, 0),
(2669, 149, 0),
(2669, 151, 0),
(2669, 156, 0),
(2669, 158, 0),
(2669, 219, 0),
(2669, 220, 0),
(2682, 23, 0),
(2682, 58, 0),
(2682, 59, 0),
(2682, 61, 0),
(2682, 62, 0),
(2682, 63, 0),
(2682, 115, 0),
(2682, 129, 0),
(2682, 147, 0),
(2682, 152, 0),
(2682, 221, 0),
(2682, 222, 0),
(2682, 223, 0),
(2682, 224, 0),
(2682, 225, 0),
(2710, 26, 0),
(2710, 78, 0),
(2710, 81, 0),
(2710, 82, 0),
(2710, 83, 0),
(2710, 84, 0),
(2710, 85, 0),
(2710, 115, 0),
(2710, 127, 0),
(2710, 129, 0),
(2710, 147, 0),
(2710, 152, 0),
(2710, 236, 0),
(2710, 237, 0),
(2710, 238, 0),
(2710, 239, 0),
(2710, 240, 0),
(2838, 264, 0),
(2842, 269, 0),
(2846, 270, 0),
(2851, 266, 0),
(3204, 22, 0),
(3204, 49, 0),
(3204, 50, 0),
(3204, 51, 0),
(3204, 52, 0),
(3204, 53, 0),
(3204, 54, 0),
(3204, 115, 0),
(3204, 116, 0),
(3204, 118, 0),
(3204, 147, 0),
(3204, 152, 0),
(3204, 319, 0),
(3204, 320, 0),
(3250, 322, 0),
(3251, 322, 0),
(3253, 322, 0),
(3257, 322, 0),
(3260, 322, 0),
(3262, 322, 0),
(3266, 322, 0),
(3268, 322, 0),
(3269, 322, 0),
(3271, 322, 0),
(3272, 322, 0),
(3290, 322, 0),
(3337, 322, 0),
(3338, 322, 0),
(3339, 322, 0),
(3340, 322, 0),
(3373, 322, 0),
(3374, 322, 0);
INSERT INTO `wp_term_taxonomy` (`term_taxonomy_id`, `term_id`, `taxonomy`, `description`, `parent`, `count`) VALUES
(1, 1, 'category', '', 0, 0),
(2, 2, 'product_type', '', 0, 4),
(3, 3, 'product_type', '', 0, 1),
(4, 4, 'product_type', '', 0, 0),
(5, 5, 'product_type', '', 0, 1),
(6, 6, 'product_visibility', '', 0, 0),
(7, 7, 'product_visibility', '', 0, 0),
(8, 8, 'product_visibility', '', 0, 0),
(9, 9, 'product_visibility', '', 0, 0),
(10, 10, 'product_visibility', '', 0, 0),
(11, 11, 'product_visibility', '', 0, 0),
(12, 12, 'product_visibility', '', 0, 0),
(13, 13, 'product_visibility', '', 0, 2),
(14, 14, 'product_visibility', '', 0, 4),
(15, 15, 'product_cat', '', 0, 3),
(16, 16, 'category', '', 0, 0),
(17, 17, 'category', '', 0, 1),
(18, 18, 'category', '', 0, 1),
(19, 19, 'category', '', 0, 1),
(20, 20, 'category', '', 0, 0),
(21, 21, 'l_category', '', 0, 0),
(22, 22, 'l_category', '', 0, 1),
(23, 23, 'l_category', '', 0, 2),
(24, 24, 'l_category', '', 0, 0),
(25, 25, 'l_category', '', 0, 0),
(26, 26, 'l_category', '', 0, 3),
(27, 27, 'l_category', '', 0, 0),
(28, 28, 'l_category', '', 0, 0),
(29, 29, 'l_category', '', 21, 0),
(30, 30, 'l_category', '', 21, 0),
(31, 31, 'l_category', '', 21, 0),
(32, 32, 'l_category', '', 21, 0),
(33, 33, 'l_category', '', 21, 0),
(34, 34, 'l_category', '', 21, 0),
(35, 35, 'l_category', '', 21, 0),
(36, 36, 'l_category', '', 21, 0),
(37, 37, 'l_category', '', 21, 0),
(39, 39, 'l_category', '', 0, 0),
(40, 40, 'l_category', '', 39, 0),
(41, 41, 'l_category', '', 39, 0),
(42, 42, 'l_category', '', 39, 0),
(43, 43, 'l_category', '', 39, 0),
(44, 44, 'l_category', '', 39, 0),
(45, 45, 'l_category', '', 39, 0),
(47, 47, 'l_category', '', 22, 0),
(48, 48, 'l_category', '', 22, 0),
(49, 49, 'l_category', '', 22, 1),
(50, 50, 'l_category', '', 22, 1),
(51, 51, 'l_category', '', 22, 1),
(52, 52, 'l_category', '', 22, 1),
(53, 53, 'l_category', '', 22, 1),
(54, 54, 'l_category', '', 22, 1),
(55, 55, 'l_category', '', 22, 0),
(56, 56, 'l_category', '', 22, 0),
(57, 57, 'l_category', '', 22, 0),
(58, 58, 'l_category', '', 23, 2),
(59, 59, 'l_category', '', 23, 2),
(60, 60, 'l_category', '', 23, 1),
(61, 61, 'l_category', '', 23, 2),
(62, 62, 'l_category', '', 23, 2),
(63, 63, 'l_category', '', 23, 2),
(64, 64, 'l_category', '', 24, 0),
(65, 65, 'l_category', '', 24, 0),
(66, 66, 'l_category', '', 24, 0),
(67, 67, 'l_category', '', 24, 0),
(68, 68, 'l_category', '', 24, 0),
(69, 69, 'l_category', '', 24, 0),
(70, 70, 'l_category', '', 24, 0),
(71, 71, 'l_category', '', 24, 0),
(73, 73, 'l_category', '', 25, 0),
(74, 74, 'l_category', '', 25, 0),
(75, 75, 'l_category', '', 25, 0),
(76, 76, 'l_category', '', 25, 0),
(77, 77, 'l_category', '', 25, 0),
(78, 78, 'l_category', '', 26, 3),
(80, 80, 'l_category', '', 26, 2),
(81, 81, 'l_category', '', 26, 3),
(82, 82, 'l_category', '', 26, 3),
(83, 83, 'l_category', '', 26, 3),
(84, 84, 'l_category', '', 26, 3),
(85, 85, 'l_category', '', 26, 3),
(86, 86, 'l_category', '', 27, 0),
(87, 87, 'l_category', '', 27, 0),
(88, 88, 'l_category', '', 27, 0),
(89, 89, 'l_category', '', 27, 0),
(90, 90, 'l_category', '', 27, 0),
(91, 91, 'l_category', '', 27, 0),
(92, 92, 'l_category', '', 27, 0),
(93, 93, 'l_category', '', 27, 0),
(94, 94, 'l_category', '', 27, 0),
(95, 95, 'l_category', '', 27, 0),
(96, 96, 'l_category', '', 27, 0),
(97, 97, 'l_category', '', 27, 0),
(98, 98, 'l_category', '', 27, 0),
(99, 99, 'l_category', '', 27, 0),
(100, 100, 'l_category', '', 27, 0),
(101, 101, 'l_category', '', 28, 0),
(102, 102, 'l_category', '', 28, 0),
(103, 103, 'l_category', '', 28, 0),
(104, 104, 'l_category', '', 28, 0),
(105, 105, 'l_category', '', 28, 0),
(106, 106, 'l_category', '', 28, 0),
(107, 107, 'l_category', '', 28, 0),
(108, 108, 'l_category', '', 28, 0),
(109, 109, 'l_category', '', 28, 0),
(110, 110, 'l_category', '', 28, 0),
(111, 111, 'l_category', '', 28, 0),
(112, 112, 'l_category', '', 28, 0),
(115, 115, 'l_location', '', 0, 6),
(116, 116, 'l_location', '', 115, 1),
(117, 117, 'l_location', '', 116, 0),
(118, 118, 'l_location', '', 116, 1),
(119, 119, 'l_location', '', 116, 0),
(120, 120, 'l_location', '', 116, 0),
(121, 121, 'l_location', '', 116, 0),
(122, 122, 'l_location', '', 116, 0),
(123, 123, 'l_location', '', 115, 1),
(124, 124, 'l_location', '', 123, 0),
(125, 125, 'l_location', '', 123, 0),
(126, 126, 'l_location', '', 123, 0),
(127, 127, 'l_location', '', 123, 2),
(128, 128, 'l_location', '', 123, 0),
(129, 129, 'l_location', '', 115, 4),
(130, 130, 'l_location', '', 129, 0),
(131, 131, 'l_location', '', 129, 0),
(132, 132, 'l_location', '', 129, 0),
(133, 133, 'l_location', '', 0, 0),
(134, 134, 'l_location', '', 133, 0),
(135, 135, 'l_location', '', 133, 0),
(136, 136, 'l_location', '', 133, 0),
(137, 137, 'l_location', '', 133, 0),
(138, 138, 'l_location', '', 134, 0),
(139, 139, 'l_location', '', 138, 0),
(140, 140, 'l_location', '', 137, 0),
(141, 141, 'l_location', '', 140, 0),
(142, 142, 'l_location', '', 135, 0),
(143, 143, 'l_location', '', 142, 0),
(144, 144, 'l_location', '', 136, 0),
(145, 145, 'l_location', '', 144, 0),
(146, 146, 'l_price_type', '', 0, 0),
(147, 147, 'l_price_type', '', 0, 5),
(148, 148, 'l_price_type', '', 0, 0),
(149, 149, 'l_price_type', '', 0, 1),
(150, 150, 'l_currency', '', 0, 0),
(151, 151, 'l_currency', '', 0, 1),
(152, 152, 'l_currency', '', 0, 5),
(153, 153, 'l_currency', '', 0, 0),
(154, 154, 'l_tags', '', 0, 0),
(155, 155, 'l_tags', '', 0, 0),
(156, 156, 'l_tags', '', 0, 1),
(157, 157, 'l_tags', '', 0, 1),
(158, 158, 'l_tags', '', 0, 2),
(159, 159, 'l_tags', '', 0, 1),
(160, 160, 'l_tags', '', 0, 1),
(161, 161, 'l_tags', '', 0, 1),
(162, 162, 'l_tags', '', 0, 1),
(163, 163, 'l_tags', '', 0, 0),
(167, 167, 'l_tags', '', 0, 0),
(168, 168, 'l_tags', '', 0, 0),
(169, 169, 'l_tags', '', 0, 0),
(170, 170, 'l_tags', '', 0, 0),
(171, 171, 'l_tags', '', 0, 0),
(172, 172, 'l_tags', '', 0, 0),
(173, 173, 'l_tags', '', 0, 0),
(174, 174, 'l_tags', '', 0, 0),
(175, 175, 'l_tags', '', 0, 0),
(176, 176, 'l_tags', '', 0, 0),
(177, 177, 'l_tags', '', 0, 0),
(178, 178, 'l_tags', '', 0, 0),
(179, 179, 'l_tags', '', 0, 0),
(180, 180, 'l_tags', '', 0, 1),
(181, 181, 'l_tags', '', 0, 0),
(182, 182, 'l_tags', '', 0, 0),
(183, 183, 'l_tags', '', 0, 0),
(184, 184, 'l_tags', '', 0, 0),
(185, 185, 'l_tags', '', 0, 0),
(186, 186, 'l_tags', '', 0, 0),
(187, 187, 'l_tags', '', 0, 0),
(188, 188, 'l_tags', '', 0, 0),
(189, 189, 'l_tags', '', 0, 0),
(190, 190, 'l_tags', '', 0, 0),
(191, 191, 'l_tags', '', 0, 0),
(192, 192, 'l_tags', '', 0, 0),
(193, 193, 'l_tags', '', 0, 0),
(194, 194, 'l_tags', '', 0, 0),
(195, 195, 'l_tags', '', 0, 0),
(196, 196, 'l_tags', '', 0, 0),
(197, 197, 'l_tags', '', 0, 0),
(198, 198, 'l_tags', '', 0, 0),
(199, 199, 'l_tags', '', 0, 0),
(200, 200, 'l_tags', '', 0, 0),
(201, 201, 'l_tags', '', 0, 0),
(202, 202, 'l_tags', '', 0, 0),
(203, 203, 'l_tags', '', 0, 0),
(204, 204, 'l_tags', '', 0, 0),
(205, 205, 'l_tags', '', 0, 0),
(206, 206, 'l_tags', '', 0, 0),
(207, 207, 'l_tags', '', 0, 0),
(208, 208, 'l_tags', '', 0, 0),
(209, 209, 'l_tags', '', 0, 1),
(210, 210, 'l_tags', '', 0, 1),
(211, 211, 'l_tags', '', 0, 1),
(212, 212, 'l_tags', '', 0, 1),
(213, 213, 'l_tags', '', 0, 1),
(214, 214, 'l_tags', '', 0, 1),
(215, 215, 'l_tags', '', 0, 1),
(216, 216, 'l_tags', '', 0, 1),
(217, 217, 'l_tags', '', 0, 1),
(218, 218, 'l_tags', '', 0, 1),
(219, 219, 'l_tags', '', 0, 1),
(220, 220, 'l_tags', '', 0, 1),
(221, 221, 'l_tags', '', 0, 1),
(222, 222, 'l_tags', '', 0, 1),
(223, 223, 'l_tags', '', 0, 1),
(224, 224, 'l_tags', '', 0, 1),
(225, 225, 'l_tags', '', 0, 1),
(226, 226, 'l_tags', '', 0, 0),
(227, 227, 'l_tags', '', 0, 0),
(228, 228, 'l_tags', '', 0, 0),
(229, 229, 'l_tags', '', 0, 0),
(230, 230, 'l_tags', '', 0, 0),
(231, 231, 'l_tags', '', 0, 0),
(232, 232, 'l_tags', '', 0, 0),
(233, 233, 'l_tags', '', 0, 0),
(234, 234, 'l_tags', '', 0, 0),
(235, 235, 'l_tags', '', 0, 0),
(236, 236, 'l_tags', '', 0, 1),
(237, 237, 'l_tags', '', 0, 1),
(238, 238, 'l_tags', '', 0, 1),
(239, 239, 'l_tags', '', 0, 1),
(240, 240, 'l_tags', '', 0, 1),
(241, 241, 'l_tags', '', 0, 0),
(242, 242, 'l_tags', '', 0, 0),
(243, 243, 'l_tags', '', 0, 0),
(244, 244, 'product_type', '', 0, 0),
(245, 245, 'pa_color', '', 0, 4),
(246, 246, 'pa_color', '', 0, 3),
(247, 247, 'pa_size', '', 0, 1),
(248, 248, 'pa_size', '', 0, 1),
(249, 249, 'pa_color', '', 0, 4),
(250, 250, 'pa_size', '', 0, 1),
(251, 251, 'product_cat', '', 0, 2),
(252, 252, 'product_cat', '', 0, 0),
(253, 253, 'pa_color', '', 0, 3),
(254, 254, 'product_cat', '', 0, 3),
(255, 255, 'pa_color', '', 0, 1),
(256, 256, 'product_cat', '', 0, 0),
(257, 257, 'product_cat', '', 0, 2),
(258, 258, 'product_cat', '', 0, 0),
(259, 259, 'product_cat', '', 257, 1),
(260, 260, 'product_cat', '', 257, 1),
(261, 261, 'product_cat', '', 257, 2),
(262, 262, 'l_event_cat', '', 0, 0),
(263, 263, 'l_event_cat', '', 0, 0),
(264, 264, 'l_event_cat', '', 0, 1),
(265, 265, 'l_event_cat', '', 0, 0),
(266, 266, 'l_event_cat', '', 0, 1),
(267, 267, 'l_event_cat', '', 0, 0),
(268, 268, 'l_event_cat', '', 0, 0),
(269, 269, 'l_event_cat', '', 0, 1),
(270, 270, 'l_event_cat', '', 0, 1),
(271, 271, 'l_location', '', 0, 0),
(272, 272, 'l_location', '', 0, 0),
(273, 273, 'l_location', '', 0, 0),
(274, 274, 'l_location', '', 0, 0),
(275, 275, 'l_location', '', 115, 0),
(276, 276, 'l_category', '', 0, 0),
(277, 277, 'l_category', '', 0, 0),
(278, 278, 'product_cat', '', 0, 4),
(279, 279, 'product_tag', '', 0, 1),
(280, 280, 'product_tag', '', 0, 1),
(281, 281, 'product_tag', '', 0, 1),
(282, 282, 'product_tag', '', 0, 1),
(283, 283, 'product_tag', '', 0, 1),
(284, 284, 'product_tag', '', 0, 1),
(285, 285, 'product_tag', '', 0, 0),
(286, 286, 'product_tag', '', 0, 1),
(287, 287, 'product_tag', '', 0, 0),
(288, 288, 'product_tag', '', 0, 1),
(289, 289, 'product_tag', '', 0, 0),
(290, 290, 'product_tag', '', 0, 0),
(291, 291, 'product_tag', '', 0, 0),
(292, 292, 'product_tag', '', 0, 0),
(293, 293, 'product_tag', '', 0, 0),
(294, 294, 'product_tag', '', 0, 1),
(295, 295, 'product_tag', '', 0, 1),
(296, 296, 'product_tag', '', 0, 1),
(297, 297, 'product_tag', '', 0, 0),
(298, 298, 'product_tag', '', 0, 0),
(299, 299, 'product_tag', '', 0, 0),
(300, 300, 'product_tag', '', 0, 0),
(301, 301, 'product_tag', '', 0, 0),
(302, 302, 'product_tag', '', 0, 0),
(303, 303, 'product_tag', '', 0, 0),
(304, 304, 'product_tag', '', 0, 0),
(305, 305, 'product_tag', '', 0, 0),
(306, 306, 'product_tag', '', 0, 0),
(307, 307, 'product_tag', '', 0, 0),
(308, 308, 'product_tag', '', 0, 0),
(309, 309, 'product_tag', '', 0, 0),
(310, 310, 'product_tag', '', 0, 0),
(311, 311, 'product_tag', '', 0, 0),
(312, 312, 'product_tag', '', 0, 0),
(313, 313, 'product_tag', '', 0, 0),
(314, 314, 'product_tag', '', 0, 0),
(315, 315, 'product_tag', '', 0, 0),
(316, 316, 'product_tag', '', 0, 1),
(317, 317, 'product_tag', '', 0, 1),
(318, 318, 'product_tag', '', 0, 1),
(319, 319, 'l_tags', '', 0, 1),
(320, 320, 'l_tags', '', 0, 1),
(321, 321, 'product_type', '', 0, 3),
(322, 322, 'nav_menu', '', 0, 18);