INSERT INTO `wp_termmeta` (`meta_id`, `term_id`, `meta_key`, `meta_value`) VALUES (1, 15, 'product_count_product_cat', '4'), (24, 279, 'product_count_product_tag', '1'), (25, 280, 'product_count_product_tag', '1'), (26, 281, 'product_count_product_tag', '1'), (27, 282, 'product_count_product_tag', '1'), (28, 283, 'product_count_product_tag', '2'), (29, 284, 'product_count_product_tag', '2'), (30, 285, 'product_count_product_tag', '1'), (31, 286, 'product_count_product_tag', '3'), (32, 287, 'product_count_product_tag', '1'), (33, 288, 'product_count_product_tag', '3'), (34, 289, 'product_count_product_tag', '1'), (35, 290, 'product_count_product_tag', '1'), (36, 291, 'product_count_product_tag', '1'), (37, 292, 'product_count_product_tag', '1'), (38, 293, 'product_count_product_tag', '1'), (39, 294, 'product_count_product_tag', '1'), (40, 295, 'product_count_product_tag', '1'), (41, 296, 'product_count_product_tag', '1'), (42, 297, 'product_count_product_tag', '1'), (43, 298, 'product_count_product_tag', '1'), (44, 299, 'product_count_product_tag', '1'), (45, 300, 'product_count_product_tag', '1'), (46, 301, 'product_count_product_tag', '1'), (47, 302, 'product_count_product_tag', '1'), (48, 303, 'product_count_product_tag', '1'), (49, 304, 'product_count_product_tag', '1'), (50, 305, 'product_count_product_tag', '1'), (51, 306, 'product_count_product_tag', '1'), (52, 307, 'product_count_product_tag', '1'), (53, 308, 'product_count_product_tag', '1'), (54, 309, 'product_count_product_tag', '1'), (55, 310, 'product_count_product_tag', '1'), (56, 311, 'product_count_product_tag', '0'), (57, 312, 'product_count_product_tag', '0'), (58, 313, 'product_count_product_tag', '1'), (59, 314, 'product_count_product_tag', '1'), (60, 315, 'product_count_product_tag', '1'), (61, 316, 'product_count_product_tag', '1'), (62, 317, 'product_count_product_tag', '1'), (63, 318, 'product_count_product_tag', '1'), (75, 322, 'category_icon', 'flaticon2-refrigerator'), (76, 323, 'category_icon', 'flaticon2-cooking'), (77, 324, 'category_icon', 'flaticon-household'), (78, 325, 'category_icon', 'flaticon2-air-conditioner'), (79, 326, 'category_icon', 'flaticon-hairdryer-1'), (81, 328, 'category_icon', ''), (82, 329, 'category_icon', ''), (83, 330, 'category_icon', ''), (84, 331, 'category_icon', ''), (85, 332, 'category_icon', ''), (86, 333, 'category_icon', ''), (87, 334, 'category_icon', ''), (89, 336, 'category_icon', ''), (90, 337, 'category_icon', ''), (91, 338, 'category_icon', ''), (92, 339, 'category_icon', ''), (93, 340, 'category_icon', ''), (94, 341, 'category_icon', ''), (95, 342, 'category_icon', ''), (96, 343, 'category_icon', ''), (97, 344, 'category_icon', ''), (98, 345, 'category_icon', ''), (99, 346, 'category_icon', ''), (100, 347, 'category_icon', ''), (101, 348, 'category_icon', ''), (102, 360, 'category_icon', 'flaticon2-settings'), (103, 361, 'category_icon', ''), (104, 369, 'category_icon', ''), (105, 388, 'category_icon', 'flaticon-computer-graphic'), (106, 391, 'order', '0'), (107, 391, 'display_type', ''), (108, 391, 'thumbnail_id', '0'), (109, 392, 'order', '0'), (110, 392, 'display_type', ''), (111, 392, 'thumbnail_id', '0'), (112, 391, 'product_count_product_cat', '7'), (113, 392, 'product_count_product_cat', '7');  
 
INSERT INTO `wp_terms` (`term_id`, `name`, `slug`, `term_group`) VALUES (1, 'Uncategorized', 'uncategorized', 0), (2, 'simple', 'simple', 0), (3, 'grouped', 'grouped', 0), (4, 'variable', 'variable', 0), (5, 'external', 'external', 0), (6, 'exclude-from-search', 'exclude-from-search', 0), (7, 'exclude-from-catalog', 'exclude-from-catalog', 0), (8, 'featured', 'featured', 0), (9, 'outofstock', 'outofstock', 0), (10, 'rated-1', 'rated-1', 0), (11, 'rated-2', 'rated-2', 0), (12, 'rated-3', 'rated-3', 0), (13, 'rated-4', 'rated-4', 0), (14, 'rated-5', 'rated-5', 0), (15, 'Uncategorized', 'uncategorized', 0), (115, 'United State', 'united-state', 0), (116, 'Alabama', 'alabama', 0), (117, 'Anniston', 'anniston', 0), (118, 'Chickasaw', 'chickasaw', 0), (119, 'Demopolis', 'demopolis', 0), (120, 'Enterprise', 'enterprise', 0), (121, 'Phenix City', 'phenix-city', 0), (122, 'Sheffield', 'sheffield', 0), (123, 'Arizona', 'arizona', 0), (124, 'Avondale', 'avondale', 0), (125, 'Bisbee', 'bisbee', 0), (126, 'Casa Grande', 'casa-grande', 0), (127, 'Kingman', 'kingman', 0), (128, 'Lake Havasu City', 'lake-havasu-city', 0), (129, 'Arkansas', 'arkansas', 0), (130, 'Little Rock', 'little-rock', 0), (131, 'Pine Bluff', 'pine-bluff', 0), (132, 'Hot Springs', 'hot-springs', 0), (133, 'Pakistan', 'pakistan', 0), (134, 'Punjab', 'punjab', 0), (135, 'Sindh', 'sindh', 0), (136, 'Balochistan', 'balochistan', 0), (137, 'Khyber Pakhtunkhwa', 'khyber-pakhtunkhwa', 0), (138, 'Lahore', 'lahore', 0), (139, 'Model Town Link Road', 'model-town-link-road', 0), (140, 'Peshawer', 'peshawer', 0), (141, 'Abazai', 'abazai', 0), (142, 'Karachi', 'karachi', 0), (143, 'Gulberg Town', 'gulberg-town', 0), (144, 'Quetta', 'quetta', 0), (145, 'Abid town', 'abid-town', 0), (146, 'Cheap', 'cheap', 0), (147, 'Economical', 'economical', 0), (148, 'Expensive', 'expensive', 0), (149, 'Ultra Expensive', 'ultra-expensive', 0), (150, '€', 'e', 0), (151, '£', '151', 0), (152, '$', '152', 0), (153, '¢', '%c2%a2', 0), (154, 'pizza.hotel', 'pizza-hotel', 0), (155, 'bar', 'bar', 0), (156, 'tasty', 'tasty', 0), (157, 'food', 'food', 0), (158, 'pizza', 'pizza', 0), (159, 'burger', 'burger', 0), (160, 'spicy', 'spicy', 0), (161, 'broast', 'broast', 0), (162, 'crunchy', 'crunchy', 0), (163, 'spacey', 'spacey', 0), (167, 'Real estate', 'real-estate', 0), (168, 'Investment', 'investment', 0), (169, 'Houses', 'houses', 0), (170, 'Apartments', 'apartments', 0), (171, 'Departments', 'departments', 0), (172, 'Day Spas', 'day-spas', 0), (173, 'Skin Care', 'skin-care', 0), (174, 'Tanning Salons', 'tanning-salons', 0), (175, 'Nail Salons', 'nail-salons', 0), (176, 'Yoga Instruction', 'yoga-instruction', 0), (177, 'Beauty Salons', 'beauty-salons', 0), (178, 'Massage Services', 'massage-services', 0), (179, 'Massage Therapists', 'massage-therapists', 0), (180, 'Acupuncture', 'acupuncture', 0), (181, 'Make-Up Artists', 'make-up-artists', 0), (182, 'Permanent Make-Up', 'permanent-make-up', 0), (183, 'Hair Stylists', 'hair-stylists', 0), (184, 'Body Wrap Salons', 'body-wrap-salons', 0), (185, 'Cosmetologists', 'cosmetologists', 0), (186, 'Hair Removal', 'hair-removal', 0), (187, 'Auto Repair &amp; Service', 'auto-repair-service', 0), (188, 'Automobile Parts &amp; Supplies', 'automobile-parts-supplies', 0), (189, 'Brake Repair', 'brake-repair', 0), (190, 'Auto Oil &amp; Lube', 'auto-oil-lube', 0), (191, 'Automobile Air Conditioning Equipment-Service &amp; Repair', 'automobile-air-conditioning-equipment-service-repair', 0), (192, 'Tire Dealers', 'tire-dealers', 0), (193, 'Automobile Electric Service', 'automobile-electric-service', 0), (194, 'Tire Recap', 'tire-recap', 0), (195, 'Retread &amp; Repair', 'retread-repair', 0), (196, 'Wheels-Aligning &amp; Balancing', 'wheels-aligning-balancing', 0), (197, 'Mufflers &amp; Exhaust Systems', 'mufflers-exhaust-systems', 0), (198, 'Wheel Alignment-Frame &amp; Axle Servicing-Automotive', 'wheel-alignment-frame-axle-servicing-automotive', 0), (199, 'Emissions Inspection Stations', 'emissions-inspection-stations', 0), (200, 'Automobile Electrical Equipment', 'automobile-electrical-equipment', 0), (201, 'Discount Stores', 'discount-stores', 0), (202, 'Clothing Stores', 'clothing-stores', 0), (203, 'Outlet Stores', 'outlet-stores', 0), (204, 'Men\'s Clothing Wholesalers &amp; Manufacturers', 'mens-clothing-wholesalers-manufacturers', 0), (205, 'Women\'s Clothing Wholesalers &amp; Manufacturers', 'womens-clothing-wholesalers-manufacturers', 0), (206, 'Art Galleries', 'art-galleries', 0), (207, 'Dealers &amp; Consultants', 'dealers-consultants', 0), (208, 'Fine Art Artists', 'fine-art-artists', 0), (209, 'Medical', 'medical', 0), (210, 'Physical therapy', 'physical-therapy', 0), (211, 'Chiropractic', 'chiropractic', 0), (212, 'Manipulation Under Anesthesia', 'manipulation-under-anesthesia', 0), (213, 'Diagnostic testing', 'diagnostic-testing', 0), (214, 'Hearing tests', 'hearing-tests', 0), (215, 'Hearing aids', 'hearing-aids', 0), (216, 'Hearing and Tinnitus rehabilitation', 'hearing-and-tinnitus-rehabilitation', 0), (217, 'Custom musician monitors &amp; protective hearing &amp; swim plugs', 'custom-musician-monitors-protective-hearing-swim-plugs', 0), (218, 'Assistive listening devices', 'assistive-listening-devices', 0), (219, 'yummy', 'yummy', 0), (220, 'quality', 'quality', 0), (221, 'Health Clubs', 'health-clubs', 0), (222, 'Exercise &amp; Physical Fitness Programs', 'exercise-physical-fitness-programs', 0), (223, 'Gymnasiums', 'gymnasiums', 0), (224, 'Physical Fitness Consultants &amp; Trainers', 'physical-fitness-consultants-trainers', 0), (225, 'Personal Fitness Trainers', 'personal-fitness-trainers', 0), (226, 'Hotels', 'hotels', 0), (227, 'Lodging', 'lodging', 0), (228, 'Corporate Lodging', 'corporate-lodging', 0), (229, 'Consumer Electronics', 'consumer-electronics', 0), (230, 'General Merchandise', 'general-merchandise', 0), (231, 'Variety Stores', 'variety-stores', 0), (232, 'Hair Weaving', 'hair-weaving', 0), (233, 'Hair Braiding', 'hair-braiding', 0), (234, 'Entertainment Agencies &amp; Bureaus', 'entertainment-agencies-bureaus', 0), (235, 'Family &amp; Business Entertainers', 'family-business-entertainers', 0), (236, 'Japanese Restaurants', 'japanese-restaurants', 0), (237, 'Family Style Restaurants', 'family-style-restaurants', 0), (238, 'Asian Restaurants', 'asian-restaurants', 0), (239, 'Sushi Bars', 'sushi-bars', 0), (240, 'Restaurants', 'restaurants', 0), (241, 'Automobile Body Repairing &amp; Painting', 'automobile-body-repairing-painting', 0), (242, 'Automobile Customizing', 'automobile-customizing', 0), (243, 'Automotive Tune Up Service', 'automotive-tune-up-service', 0), (244, 'downtown_pkgs', 'downtown_pkgs', 0), (245, 'Blue', 'blue', 0), (246, 'Green', 'green', 0), (247, 'Large', 'large', 0), (248, 'Medium', 'medium', 0), (249, 'Red', 'red', 0), (250, 'Small', 'small', 0), (253, 'Gray', 'gray', 0), (255, 'Yellow', 'yellow', 0), (262, 'Cafe &amp; Bar', 'cafe-bar', 0), (263, 'Hotels &amp; Travel', 'hotels-travel', 0), (264, 'Musical Nights', 'musical-nights', 0), (265, 'Night Clubs', 'night-clubs', 0), (266, 'Food Festivals', 'food-festivals', 0), (267, 'Shopping', 'shopping', 0), (268, 'Health &amp; Fitness', 'health-fitness', 0), (269, 'Beauty Salon', 'beauty-salon', 0), (270, 'Gaming', 'gaming', 0), (271, 'Australia', 'australia', 0), (272, 'France', 'france', 0), (273, 'United Kingdom', 'united-kingdom', 0), (274, 'Italy', 'italy', 0), (275, 'Florida', 'florida', 0), (279, 'cannon', 'cannon', 0), (280, 'camera', 'camera', 0), (281, 'dslr', 'dslr', 0), (282, 'mark', 'mark', 0), (283, 'shirts', 'shirts', 0), (284, 'Polo', 'polo', 0), (285, 'pack', 'pack', 0), (286, 'watch', 'watch', 0), (287, 'apple', 'apple', 0), (288, 'smart watch', 'smart-watch', 0), (289, 'moto 360', 'moto-360', 0), (290, 'shoes', 'shoes', 0), (291, 'volcom', 'volcom', 0), (292, 'Leather', 'leather', 0), (293, 'Shoe', 'shoe', 0), (294, 'headphone', 'headphone', 0), (295, 'bluetooth', 'bluetooth', 0), (296, 'wireless', 'wireless', 0), (297, 'Quartz', 'quartz', 0), (298, 'Casual', 'casual', 0), (299, 'samsung', 'samsung', 0), (300, 'galaxy', 'galaxy', 0), (301, 's6', 's6', 0), (302, 'gold', 'gold', 0), (303, 'style', 'style', 0), (304, 'classic', 'classic', 0), (305, 'purse', 'purse', 0), (306, 'elegent', 'elegent', 0), (307, 'sleeveless', 'sleeveless', 0), (308, 'dress', 'dress', 0), (309, 'embroidered', 'embroidered', 0), (310, 'cocktail', 'cocktail', 0), (311, 'Runner', 'runner', 0), (312, 'Merrell', 'merrell', 0), (313, 'laptop', 'laptop', 0), (314, 'lenovo', 'lenovo', 0), (315, 'Ideapad', 'ideapad', 0), (316, 't shirt', 't-shirt', 0), (317, 'mens wear', 'mens-wear', 0), (318, 'summer collection', 'summer-collection', 0), (319, 'tag', 'tag', 0), (320, 'tag2', 'tag2', 0), (321, 'dwt_listing_pkgs', 'dwt_listing_pkgs', 0), (322, 'Refrigeration', 'refrigeration', 0), (323, 'Cooking', 'cooking', 0), (324, 'Washing/Drying', 'washing-drying', 0), (325, 'Heating/Cooling', 'heating-cooling', 0), (326, 'Electronics', 'electronics', 0), (328, 'Freezer', 'freezer', 0), (329, 'Refrigerator', 'refrigerator', 0), (330, 'Water cooler', 'water-cooler', 0), (331, 'Cooking Range', 'cooking-range', 0), (332, 'Oven', 'oven', 0), (333, 'Cooktop', 'cooktop', 0), (334, 'Microwave', 'microwave', 0), (336, 'Washing Machine', 'washing-machine-washing-drying', 0), (337, 'Dryer', 'dryer', 0), (338, 'Drying Cabinet', 'drying-cabinet', 0), (339, 'Dishwasher', 'dishwasher', 0), (340, 'Air conditioner', 'air-conditioner', 0), (341, 'Water heater', 'water-heater', 0), (342, 'TV', 'tv', 0), (343, 'Smart Phones', 'smart-phones', 0), (344, 'Laptop', 'laptop', 0), (345, 'Tablets', 'tablets', 0), (346, 'Computer', 'computer', 0), (347, 'Camera/DSLR', 'camera-dslr', 0), (348, 'Video Games', 'video-games', 0), (349, 'oven', 'oven', 0), (350, 'microwave', 'microwave', 0), (351, 'kitchen', 'kitchen', 0), (352, 'appliances', 'appliances', 0), (353, 'dslr', 'dslr', 0), (354, 'camera', 'camera', 0), (355, 'shop', 'shop', 0), (356, 'electronics shop', 'electronics-shop', 0), (357, 'water cooler', 'water-cooler', 0), (358, 'refrigerator', 'refrigerator', 0), (359, 'fridge', 'fridge', 0), (360, 'Repair Shops', 'repair-shops', 0), (361, 'Home Appliances', 'home-appliances', 0), (362, 'washing machine', 'washing-machine', 0), (363, 'dryers', 'dryers', 0), (364, 'automatic', 'automatic', 0), (365, 'manual', 'manual', 0), (366, 'mobile', 'mobile', 0), (367, 'repair shop', 'repair-shop', 0), (368, 'electronic repair', 'electronic-repair', 0), (369, 'Electric Repair', 'electric-repair', 0), (370, 'smartphone', 'smartphone', 0), (371, 'mobiles', 'mobiles', 0), (372, 'andriod', 'andriod', 0), (373, 'iphone', 'iphone', 0), (374, 'laptops', 'laptops', 0), (375, 'electronics', 'electronics', 0), (376, 'led', 'led', 0), (377, 'lcd', 'lcd', 0), (378, 'tv', 'tv', 0), (379, 'screens', 'screens', 0), (380, 'monitor', 'monitor', 0), (381, 'computers', 'computers', 0), (382, 'tablet', 'tablet', 0), (383, 'video games', 'video-games', 0), (384, 'tv repair', 'tv-repair', 0), (385, 'cooking range', 'cooking-range', 0), (386, 'camera shop', 'camera-shop', 0), (387, 'dryer', 'dryer', 0), (388, 'Accessories/parts', 'accessories-parts', 0), (389, 'Electronics', 'electronics', 0), (390, 'Applainces', 'applainces', 0), (391, 'Electronics', 'electronics', 0), (392, 'Appliances', 'appliances', 0), (393, 'Menu 1', 'menu-1', 0);  
 
INSERT INTO `wp_term_relationships` (`object_id`, `term_taxonomy_id`, `term_order`) VALUES (0, 154, 0), (0, 155, 0), (0, 156, 0), (9, 1, 0), (14, 1, 0), (21, 1, 0), (24, 1, 0), (27, 1, 0), (31, 1, 0), (44, 2, 0), (44, 8, 0), (44, 12, 0), (44, 15, 0), (44, 245, 0), (44, 246, 0), (44, 247, 0), (44, 248, 0), (44, 249, 0), (44, 250, 0), (45, 2, 0), (45, 12, 0), (45, 15, 0), (45, 245, 0), (45, 246, 0), (45, 249, 0), (45, 313, 0), (45, 314, 0), (45, 315, 0), (46, 2, 0), (46, 14, 0), (46, 15, 0), (46, 245, 0), (46, 290, 0), (46, 293, 0), (46, 311, 0), (46, 312, 0), (47, 2, 0), (47, 14, 0), (47, 253, 0), (47, 303, 0), (47, 304, 0), (47, 305, 0), (47, 306, 0), (47, 392, 0), (48, 2, 0), (48, 13, 0), (48, 249, 0), (48, 307, 0), (48, 308, 0), (48, 309, 0), (48, 310, 0), (48, 392, 0), (58, 2, 0), (58, 11, 0), (58, 299, 0), (58, 300, 0), (58, 301, 0), (58, 302, 0), (58, 391, 0), (60, 2, 0), (60, 8, 0), (60, 13, 0), (60, 255, 0), (60, 286, 0), (60, 288, 0), (60, 297, 0), (60, 298, 0), (60, 392, 0), (62, 2, 0), (62, 8, 0), (62, 12, 0), (62, 286, 0), (62, 287, 0), (62, 288, 0), (62, 289, 0), (62, 391, 0), (66, 2, 0), (66, 8, 0), (66, 14, 0), (66, 290, 0), (66, 291, 0), (66, 292, 0), (66, 293, 0), (66, 392, 0), (68, 2, 0), (68, 14, 0), (68, 246, 0), (68, 392, 0), (70, 2, 0), (70, 11, 0), (70, 245, 0), (70, 283, 0), (70, 284, 0), (70, 285, 0), (70, 392, 0), (73, 2, 0), (73, 14, 0), (73, 286, 0), (73, 288, 0), (73, 392, 0), (75, 2, 0), (75, 14, 0), (75, 391, 0), (83, 2, 0), (83, 14, 0), (83, 253, 0), (83, 279, 0), (83, 280, 0), (83, 281, 0), (83, 282, 0), (83, 391, 0), (85, 2, 0), (85, 13, 0), (85, 249, 0), (85, 391, 0), (87, 3, 0), (87, 13, 0), (87, 283, 0), (87, 284, 0), (87, 316, 0), (87, 317, 0), (87, 318, 0), (87, 391, 0), (89, 5, 0), (89, 14, 0), (89, 294, 0), (89, 295, 0), (89, 296, 0), (89, 391, 0), (2534, 15, 0), (2534, 321, 0), (2546, 15, 0), (2546, 321, 0), (2549, 15, 0), (2549, 321, 0), (2581, 115, 0), (2581, 123, 0), (2581, 127, 0), (2581, 147, 0), (2581, 152, 0), (2581, 157, 0), (2581, 158, 0), (2581, 159, 0), (2581, 160, 0), (2581, 161, 0), (2581, 162, 0), (2591, 115, 0), (2591, 129, 0), (2591, 148, 0), (2591, 152, 0), (2591, 324, 0), (2591, 336, 0), (2591, 337, 0), (2591, 338, 0), (2591, 339, 0), (2591, 362, 0), (2591, 364, 0), (2591, 365, 0), (2591, 387, 0), (2601, 1, 0), (2607, 1, 0), (2610, 1, 0), (2615, 133, 0), (2615, 137, 0), (2615, 140, 0), (2615, 146, 0), (2615, 152, 0), (2615, 326, 0), (2615, 343, 0), (2615, 366, 0), (2615, 370, 0), (2615, 372, 0), (2615, 373, 0), (2622, 115, 0), (2622, 116, 0), (2622, 147, 0), (2622, 152, 0), (2622, 322, 0), (2622, 328, 0), (2622, 329, 0), (2622, 330, 0), (2636, 115, 0), (2636, 116, 0), (2636, 122, 0), (2636, 146, 0), (2636, 152, 0), (2636, 326, 0), (2636, 347, 0), (2636, 353, 0), (2636, 386, 0), (2644, 147, 0), (2644, 152, 0), (2644, 272, 0), (2644, 323, 0), (2644, 331, 0), (2644, 332, 0), (2644, 333, 0), (2644, 334, 0), (2644, 349, 0), (2644, 350, 0), (2644, 385, 0), (2655, 148, 0), (2655, 152, 0), (2655, 273, 0), (2655, 360, 0), (2655, 361, 0), (2655, 369, 0), (2655, 376, 0), (2655, 377, 0), (2655, 384, 0), (2662, 115, 0), (2662, 147, 0), (2662, 152, 0), (2662, 275, 0), (2662, 326, 0), (2662, 345, 0), (2662, 348, 0), (2662, 382, 0), (2662, 383, 0), (2669, 115, 0), (2669, 129, 0), (2669, 149, 0), (2669, 151, 0), (2669, 326, 0), (2669, 342, 0), (2669, 346, 0), (2669, 376, 0), (2669, 377, 0), (2669, 378, 0), (2669, 379, 0), (2669, 380, 0), (2669, 381, 0), (2682, 147, 0), (2682, 152, 0), (2682, 273, 0), (2682, 326, 0), (2682, 344, 0), (2682, 374, 0), (2682, 375, 0), (2688, 133, 0), (2688, 135, 0), (2688, 142, 0), (2688, 147, 0), (2688, 152, 0), (2688, 326, 0), (2688, 343, 0), (2688, 370, 0), (2688, 371, 0), (2688, 372, 0), (2688, 373, 0), (2693, 146, 0), (2693, 152, 0), (2693, 271, 0), (2693, 326, 0), (2693, 360, 0), (2693, 366, 0), (2693, 367, 0), (2693, 368, 0), (2700, 115, 0), (2700, 147, 0), (2700, 152, 0), (2700, 324, 0), (2700, 336, 0), (2700, 337, 0), (2700, 338, 0), (2700, 339, 0), (2700, 362, 0), (2700, 363, 0), (2700, 364, 0), (2700, 365, 0), (2705, 115, 0), (2705, 116, 0), (2705, 119, 0), (2705, 147, 0), (2705, 152, 0), (2705, 322, 0), (2705, 328, 0), (2705, 329, 0), (2705, 330, 0), (2705, 357, 0), (2705, 358, 0), (2705, 359, 0), (2710, 147, 0), (2710, 152, 0), (2710, 236, 0), (2710, 237, 0), (2710, 238, 0), (2710, 239, 0), (2710, 240, 0), (2710, 273, 0), (2710, 325, 0), (2710, 340, 0), (2710, 341, 0), (2717, 115, 0), (2717, 129, 0), (2717, 147, 0), (2717, 152, 0), (2717, 326, 0), (2717, 347, 0), (2717, 353, 0), (2717, 354, 0), (2717, 355, 0), (2717, 356, 0), (2812, 264, 0), (2816, 266, 0), (2820, 268, 0), (2825, 263, 0), (2832, 263, 0), (2838, 264, 0), (2842, 269, 0), (2846, 270, 0), (2851, 266, 0), (3204, 147, 0), (3204, 152, 0), (3204, 274, 0), (3204, 323, 0), (3204, 331, 0), (3204, 332, 0), (3204, 333, 0), (3204, 334, 0), (3204, 349, 0), (3204, 350, 0), (3204, 351, 0), (3204, 352, 0), (3808, 393, 0), (3809, 393, 0), (3810, 393, 0), (3811, 393, 0), (3812, 393, 0), (3813, 393, 0), (3814, 393, 0), (3815, 393, 0), (3816, 393, 0), (3817, 393, 0), (3818, 393, 0), (3819, 393, 0), (3820, 393, 0), (3821, 393, 0), (3822, 393, 0), (3823, 393, 0), (3824, 393, 0), (3825, 393, 0), (3826, 393, 0), (3827, 393, 0), (3828, 393, 0), (3829, 393, 0), (3830, 393, 0), (3831, 393, 0), (3832, 393, 0), (3833, 393, 0), (3834, 393, 0), (3835, 393, 0), (3836, 393, 0), (3837, 393, 0), (3838, 393, 0), (3839, 393, 0), (3840, 393, 0), (3841, 393, 0), (3847, 393, 0), (3848, 393, 0), (3849, 393, 0), (3850, 393, 0), (3851, 393, 0), (3852, 393, 0), (3853, 393, 0), (3854, 393, 0), (3855, 393, 0), (3856, 393, 0), (3857, 393, 0), (3858, 393, 0), (3859, 393, 0), (3860, 393, 0), (3861, 393, 0), (3862, 393, 0), (3863, 393, 0);  
 
INSERT INTO `wp_term_taxonomy` (`term_taxonomy_id`, `term_id`, `taxonomy`, `description`, `parent`, `count`) VALUES (1, 1, 'category', '', 0, 9), (2, 2, 'product_type', '', 0, 13), (3, 3, 'product_type', '', 0, 1), (4, 4, 'product_type', '', 0, 0), (5, 5, 'product_type', '', 0, 1), (6, 6, 'product_visibility', '', 0, 0), (7, 7, 'product_visibility', '', 0, 0), (8, 8, 'product_visibility', '', 0, 3), (9, 9, 'product_visibility', '', 0, 0), (10, 10, 'product_visibility', '', 0, 0), (11, 11, 'product_visibility', '', 0, 2), (12, 12, 'product_visibility', '', 0, 2), (13, 13, 'product_visibility', '', 0, 4), (14, 14, 'product_visibility', '', 0, 7), (15, 15, 'product_cat', '', 0, 4), (115, 115, 'l_location', '', 0, 8), (116, 116, 'l_location', '', 115, 3), (117, 117, 'l_location', '', 116, 0), (118, 118, 'l_location', '', 116, 0), (119, 119, 'l_location', '', 116, 1), (120, 120, 'l_location', '', 116, 0), (121, 121, 'l_location', '', 116, 0), (122, 122, 'l_location', '', 116, 1), (123, 123, 'l_location', '', 115, 0), (124, 124, 'l_location', '', 123, 0), (125, 125, 'l_location', '', 123, 0), (126, 126, 'l_location', '', 123, 0), (127, 127, 'l_location', '', 123, 0), (128, 128, 'l_location', '', 123, 0), (129, 129, 'l_location', '', 115, 3), (130, 130, 'l_location', '', 129, 0), (131, 131, 'l_location', '', 129, 0), (132, 132, 'l_location', '', 129, 0), (133, 133, 'l_location', '', 0, 2), (134, 134, 'l_location', '', 133, 0), (135, 135, 'l_location', '', 133, 1), (136, 136, 'l_location', '', 133, 0), (137, 137, 'l_location', '', 133, 1), (138, 138, 'l_location', '', 134, 0), (139, 139, 'l_location', '', 138, 0), (140, 140, 'l_location', '', 137, 1), (141, 141, 'l_location', '', 140, 0), (142, 142, 'l_location', '', 135, 1), (143, 143, 'l_location', '', 142, 0), (144, 144, 'l_location', '', 136, 0), (145, 145, 'l_location', '', 144, 0), (146, 146, 'l_price_type', '', 0, 3), (147, 147, 'l_price_type', '', 0, 10), (148, 148, 'l_price_type', '', 0, 2), (149, 149, 'l_price_type', '', 0, 1), (150, 150, 'l_currency', '', 0, 0), (151, 151, 'l_currency', '', 0, 1), (152, 152, 'l_currency', '', 0, 15), (153, 153, 'l_currency', '', 0, 0), (154, 154, 'l_tags', '', 0, 0), (155, 155, 'l_tags', '', 0, 0), (156, 156, 'l_tags', '', 0, 0), (157, 157, 'l_tags', '', 0, 0), (158, 158, 'l_tags', '', 0, 0), (159, 159, 'l_tags', '', 0, 0), (160, 160, 'l_tags', '', 0, 0), (161, 161, 'l_tags', '', 0, 0), (162, 162, 'l_tags', '', 0, 0), (163, 163, 'l_tags', '', 0, 0), (167, 167, 'l_tags', '', 0, 0), (168, 168, 'l_tags', '', 0, 0), (169, 169, 'l_tags', '', 0, 0), (170, 170, 'l_tags', '', 0, 0), (171, 171, 'l_tags', '', 0, 0), (172, 172, 'l_tags', '', 0, 0), (173, 173, 'l_tags', '', 0, 0), (174, 174, 'l_tags', '', 0, 0), (175, 175, 'l_tags', '', 0, 0), (176, 176, 'l_tags', '', 0, 0), (177, 177, 'l_tags', '', 0, 0), (178, 178, 'l_tags', '', 0, 0), (179, 179, 'l_tags', '', 0, 0), (180, 180, 'l_tags', '', 0, 0), (181, 181, 'l_tags', '', 0, 0), (182, 182, 'l_tags', '', 0, 0), (183, 183, 'l_tags', '', 0, 0), (184, 184, 'l_tags', '', 0, 0), (185, 185, 'l_tags', '', 0, 0), (186, 186, 'l_tags', '', 0, 0), (187, 187, 'l_tags', '', 0, 0), (188, 188, 'l_tags', '', 0, 0), (189, 189, 'l_tags', '', 0, 0), (190, 190, 'l_tags', '', 0, 0), (191, 191, 'l_tags', '', 0, 0), (192, 192, 'l_tags', '', 0, 0), (193, 193, 'l_tags', '', 0, 0), (194, 194, 'l_tags', '', 0, 0), (195, 195, 'l_tags', '', 0, 0), (196, 196, 'l_tags', '', 0, 0), (197, 197, 'l_tags', '', 0, 0), (198, 198, 'l_tags', '', 0, 0), (199, 199, 'l_tags', '', 0, 0), (200, 200, 'l_tags', '', 0, 0), (201, 201, 'l_tags', '', 0, 0), (202, 202, 'l_tags', '', 0, 0), (203, 203, 'l_tags', '', 0, 0), (204, 204, 'l_tags', '', 0, 0), (205, 205, 'l_tags', '', 0, 0), (206, 206, 'l_tags', '', 0, 0), (207, 207, 'l_tags', '', 0, 0), (208, 208, 'l_tags', '', 0, 0), (209, 209, 'l_tags', '', 0, 0), (210, 210, 'l_tags', '', 0, 0), (211, 211, 'l_tags', '', 0, 0), (212, 212, 'l_tags', '', 0, 0), (213, 213, 'l_tags', '', 0, 0), (214, 214, 'l_tags', '', 0, 0), (215, 215, 'l_tags', '', 0, 0), (216, 216, 'l_tags', '', 0, 0), (217, 217, 'l_tags', '', 0, 0), (218, 218, 'l_tags', '', 0, 0), (219, 219, 'l_tags', '', 0, 0), (220, 220, 'l_tags', '', 0, 0), (221, 221, 'l_tags', '', 0, 0), (222, 222, 'l_tags', '', 0, 0), (223, 223, 'l_tags', '', 0, 0), (224, 224, 'l_tags', '', 0, 0), (225, 225, 'l_tags', '', 0, 0), (226, 226, 'l_tags', '', 0, 0), (227, 227, 'l_tags', '', 0, 0), (228, 228, 'l_tags', '', 0, 0), (229, 229, 'l_tags', '', 0, 0), (230, 230, 'l_tags', '', 0, 0), (231, 231, 'l_tags', '', 0, 0), (232, 232, 'l_tags', '', 0, 0), (233, 233, 'l_tags', '', 0, 0), (234, 234, 'l_tags', '', 0, 0), (235, 235, 'l_tags', '', 0, 0), (236, 236, 'l_tags', '', 0, 1), (237, 237, 'l_tags', '', 0, 1), (238, 238, 'l_tags', '', 0, 1), (239, 239, 'l_tags', '', 0, 1), (240, 240, 'l_tags', '', 0, 1), (241, 241, 'l_tags', '', 0, 0), (242, 242, 'l_tags', '', 0, 0), (243, 243, 'l_tags', '', 0, 0), (244, 244, 'product_type', '', 0, 0), (245, 245, 'pa_color', '', 0, 2), (246, 246, 'pa_color', '', 0, 2), (247, 247, 'pa_size', '', 0, 0), (248, 248, 'pa_size', '', 0, 0), (249, 249, 'pa_color', '', 0, 3), (250, 250, 'pa_size', '', 0, 0), (253, 253, 'pa_color', '', 0, 2), (255, 255, 'pa_color', '', 0, 1), (262, 262, 'l_event_cat', '', 0, 0), (263, 263, 'l_event_cat', '', 0, 2), (264, 264, 'l_event_cat', '', 0, 2), (265, 265, 'l_event_cat', '', 0, 0), (266, 266, 'l_event_cat', '', 0, 2), (267, 267, 'l_event_cat', '', 0, 0), (268, 268, 'l_event_cat', '', 0, 1), (269, 269, 'l_event_cat', '', 0, 1), (270, 270, 'l_event_cat', '', 0, 1), (271, 271, 'l_location', '', 0, 1), (272, 272, 'l_location', '', 0, 1), (273, 273, 'l_location', '', 0, 3), (274, 274, 'l_location', '', 0, 1), (275, 275, 'l_location', '', 115, 1), (279, 279, 'product_tag', '', 0, 1), (280, 280, 'product_tag', '', 0, 1), (281, 281, 'product_tag', '', 0, 1), (282, 282, 'product_tag', '', 0, 1), (283, 283, 'product_tag', '', 0, 2), (284, 284, 'product_tag', '', 0, 2), (285, 285, 'product_tag', '', 0, 1), (286, 286, 'product_tag', '', 0, 3), (287, 287, 'product_tag', '', 0, 1), (288, 288, 'product_tag', '', 0, 3), (289, 289, 'product_tag', '', 0, 1), (290, 290, 'product_tag', '', 0, 1), (291, 291, 'product_tag', '', 0, 1), (292, 292, 'product_tag', '', 0, 1), (293, 293, 'product_tag', '', 0, 1), (294, 294, 'product_tag', '', 0, 1), (295, 295, 'product_tag', '', 0, 1), (296, 296, 'product_tag', '', 0, 1), (297, 297, 'product_tag', '', 0, 1), (298, 298, 'product_tag', '', 0, 1), (299, 299, 'product_tag', '', 0, 1), (300, 300, 'product_tag', '', 0, 1), (301, 301, 'product_tag', '', 0, 1), (302, 302, 'product_tag', '', 0, 1), (303, 303, 'product_tag', '', 0, 1), (304, 304, 'product_tag', '', 0, 1), (305, 305, 'product_tag', '', 0, 1), (306, 306, 'product_tag', '', 0, 1), (307, 307, 'product_tag', '', 0, 1), (308, 308, 'product_tag', '', 0, 1), (309, 309, 'product_tag', '', 0, 1), (310, 310, 'product_tag', '', 0, 1), (311, 311, 'product_tag', '', 0, 0), (312, 312, 'product_tag', '', 0, 0), (313, 313, 'product_tag', '', 0, 1), (314, 314, 'product_tag', '', 0, 1), (315, 315, 'product_tag', '', 0, 1), (316, 316, 'product_tag', '', 0, 1), (317, 317, 'product_tag', '', 0, 1), (318, 318, 'product_tag', '', 0, 1), (319, 319, 'l_tags', '', 0, 0), (320, 320, 'l_tags', '', 0, 0), (321, 321, 'product_type', '', 0, 3), (322, 322, 'l_category', '', 0, 2), (323, 323, 'l_category', '', 0, 2), (324, 324, 'l_category', '', 0, 2), (325, 325, 'l_category', '', 0, 1), (326, 326, 'l_category', '', 0, 8), (328, 328, 'l_category', '', 322, 2), (329, 329, 'l_category', '', 322, 2), (330, 330, 'l_category', '', 322, 2), (331, 331, 'l_category', '', 323, 2), (332, 332, 'l_category', '', 323, 2), (333, 333, 'l_category', '', 323, 2), (334, 334, 'l_category', '', 323, 2), (336, 336, 'l_category', '', 324, 2), (337, 337, 'l_category', '', 324, 2), (338, 338, 'l_category', '', 324, 2), (339, 339, 'l_category', '', 324, 2), (340, 340, 'l_category', '', 325, 1), (341, 341, 'l_category', '', 325, 1), (342, 342, 'l_category', '', 326, 1), (343, 343, 'l_category', '', 326, 2), (344, 344, 'l_category', '', 326, 1), (345, 345, 'l_category', '', 326, 1), (346, 346, 'l_category', '', 326, 1), (347, 347, 'l_category', '', 326, 2), (348, 348, 'l_category', '', 326, 1), (349, 349, 'l_tags', '', 0, 2), (350, 350, 'l_tags', '', 0, 2), (351, 351, 'l_tags', '', 0, 1), (352, 352, 'l_tags', '', 0, 1), (353, 353, 'l_tags', '', 0, 2), (354, 354, 'l_tags', '', 0, 1), (355, 355, 'l_tags', '', 0, 1), (356, 356, 'l_tags', '', 0, 1), (357, 357, 'l_tags', '', 0, 1), (358, 358, 'l_tags', '', 0, 1), (359, 359, 'l_tags', '', 0, 1), (360, 360, 'l_category', '', 0, 2), (361, 361, 'l_category', '', 360, 1), (362, 362, 'l_tags', '', 0, 2), (363, 363, 'l_tags', '', 0, 1), (364, 364, 'l_tags', '', 0, 2), (365, 365, 'l_tags', '', 0, 2), (366, 366, 'l_tags', '', 0, 2), (367, 367, 'l_tags', '', 0, 1), (368, 368, 'l_tags', '', 0, 1), (369, 369, 'l_category', '', 360, 1), (370, 370, 'l_tags', '', 0, 2), (371, 371, 'l_tags', '', 0, 1), (372, 372, 'l_tags', '', 0, 2), (373, 373, 'l_tags', '', 0, 2), (374, 374, 'l_tags', '', 0, 1), (375, 375, 'l_tags', '', 0, 1), (376, 376, 'l_tags', '', 0, 2), (377, 377, 'l_tags', '', 0, 2), (378, 378, 'l_tags', '', 0, 1), (379, 379, 'l_tags', '', 0, 1), (380, 380, 'l_tags', '', 0, 1), (381, 381, 'l_tags', '', 0, 1), (382, 382, 'l_tags', '', 0, 1), (383, 383, 'l_tags', '', 0, 1), (384, 384, 'l_tags', '', 0, 1), (385, 385, 'l_tags', '', 0, 1), (386, 386, 'l_tags', '', 0, 1), (387, 387, 'l_tags', '', 0, 1), (388, 388, 'l_category', '', 0, 0), (389, 389, 'category', '', 0, 0), (390, 390, 'category', '', 0, 0), (391, 391, 'product_cat', '', 0, 7), (392, 392, 'product_cat', '', 0, 7), (393, 393, 'nav_menu', '', 0, 51);