INSERT INTO `wp_termmeta` (`meta_id`, `term_id`, `meta_key`, `meta_value`) VALUES (1, 15, 'product_count_product_cat', '3'), (4, 254, 'order', '0'), (6, 257, 'order', '0'), (10, 254, 'product_count_product_cat', '3'), (12, 257, 'product_count_product_cat', '3'), (16, 261, 'order', '0'), (19, 261, 'product_count_product_cat', '3'), (24, 279, 'product_count_product_tag', '0'), (25, 280, 'product_count_product_tag', '0'), (26, 281, 'product_count_product_tag', '0'), (27, 282, 'product_count_product_tag', '0'), (28, 283, 'product_count_product_tag', '0'), (29, 284, 'product_count_product_tag', '0'), (30, 285, 'product_count_product_tag', '0'), (31, 286, 'product_count_product_tag', '0'), (32, 287, 'product_count_product_tag', '0'), (33, 288, 'product_count_product_tag', '0'), (34, 289, 'product_count_product_tag', '0'), (35, 290, 'product_count_product_tag', '0'), (36, 291, 'product_count_product_tag', '0'), (37, 292, 'product_count_product_tag', '0'), (38, 293, 'product_count_product_tag', '0'), (39, 294, 'product_count_product_tag', '0'), (40, 295, 'product_count_product_tag', '0'), (41, 296, 'product_count_product_tag', '0'), (42, 297, 'product_count_product_tag', '0'), (43, 298, 'product_count_product_tag', '0'), (44, 299, 'product_count_product_tag', '0'), (45, 300, 'product_count_product_tag', '0'), (46, 301, 'product_count_product_tag', '0'), (47, 302, 'product_count_product_tag', '0'), (48, 303, 'product_count_product_tag', '0'), (49, 304, 'product_count_product_tag', '0'), (50, 305, 'product_count_product_tag', '0'), (51, 306, 'product_count_product_tag', '0'), (52, 307, 'product_count_product_tag', '0'), (53, 308, 'product_count_product_tag', '0'), (54, 309, 'product_count_product_tag', '0'), (55, 310, 'product_count_product_tag', '0'), (56, 311, 'product_count_product_tag', '0'), (57, 312, 'product_count_product_tag', '0'), (58, 313, 'product_count_product_tag', '0'), (59, 314, 'product_count_product_tag', '0'), (60, 315, 'product_count_product_tag', '0'), (61, 316, 'product_count_product_tag', '0'), (62, 317, 'product_count_product_tag', '0'), (63, 318, 'product_count_product_tag', '0'), (75, 322, 'category_icon', ''), (76, 323, 'category_icon', ''), (77, 324, 'category_icon', ''), (78, 325, 'category_icon', ''), (79, 326, 'category_icon', ''), (80, 327, 'category_icon', ''), (81, 328, 'category_icon', ''), (82, 329, 'category_icon', 'icon-animals-and-pets'), (83, 330, 'category_icon', ''), (84, 331, 'category_icon', ''), (85, 332, 'category_icon', ''), (86, 333, 'category_icon', ''), (87, 334, 'category_icon', ''), (88, 335, 'category_icon', ''), (89, 336, 'category_icon', ''), (90, 337, 'category_icon', ''), (91, 338, 'category_icon', ''), (92, 339, 'category_icon', ''), (93, 340, 'category_icon', ''), (94, 341, 'category_icon', ''), (95, 342, 'category_icon', ''), (96, 343, 'category_icon', ''), (97, 344, 'category_icon', ''), (98, 345, 'category_icon', ''), (99, 346, 'category_icon', ''), (100, 347, 'category_icon', ''), (101, 348, 'category_icon', ''), (102, 349, 'category_icon', ''), (103, 350, 'category_icon', ''), (104, 351, 'category_icon', ''), (105, 352, 'category_icon', ''), (106, 353, 'category_icon', ''), (107, 354, 'category_icon', ''), (108, 355, 'category_icon', ''), (109, 356, 'category_icon', 'icon-clothing'), (110, 357, 'category_icon', ''), (111, 358, 'category_icon', ''), (112, 359, 'category_icon', ''), (113, 360, 'category_icon', ''), (114, 361, 'category_icon', ''), (115, 362, 'category_icon', 'icon-baseball'), (116, 363, 'category_icon', ''), (117, 364, 'category_icon', ''), (118, 365, 'category_icon', ''), (119, 366, 'category_icon', ''), (120, 367, 'category_icon', ''), (121, 368, 'category_icon', ''), (122, 369, 'category_icon', ''), (123, 370, 'category_icon', ''), (124, 371, 'category_icon', ''), (125, 372, 'category_icon', ''), (126, 373, 'category_icon', ''), (127, 374, 'category_icon', ''), (128, 375, 'category_icon', ''), (129, 376, 'category_icon', ''), (130, 377, 'category_icon', ''), (131, 378, 'category_icon', ''), (132, 379, 'category_icon', ''), (133, 380, 'category_icon', ''), (134, 381, 'category_icon', ''), (135, 382, 'category_icon', ''), (136, 383, 'category_icon', ''), (137, 384, 'category_icon', ''), (138, 385, 'category_icon', ''), (139, 386, 'category_icon', ''), (140, 387, 'category_icon', ''), (141, 388, 'category_icon', ''), (142, 400, 'category_icon', ''), (143, 401, 'category_icon', ''), (144, 402, 'category_icon', ''), (145, 403, 'category_icon', ''), (146, 404, 'category_icon', ''), (147, 405, 'category_icon', ''), (148, 406, 'category_icon', ''), (153, 488, 'order', '0'), (154, 488, 'display_type', ''), (155, 488, 'thumbnail_id', '0'), (156, 489, 'order', '0'), (157, 489, 'display_type', ''), (158, 489, 'thumbnail_id', '0'), (159, 488, 'product_count_product_cat', '6'), (160, 490, 'product_count_product_tag', '2'), (161, 491, 'product_count_product_tag', '1'), (162, 492, 'product_count_product_tag', '2'), (163, 493, 'product_count_product_tag', '1'), (164, 494, 'product_count_product_tag', '1'), (165, 495, 'product_count_product_tag', '1'), (166, 496, 'product_count_product_tag', '1'), (167, 497, 'product_count_product_tag', '1'), (168, 498, 'product_count_product_tag', '1'), (169, 499, 'product_count_product_tag', '1'), (170, 500, 'product_count_product_tag', '1'), (171, 501, 'product_count_product_tag', '1'), (172, 502, 'product_count_product_tag', '1'), (173, 503, 'product_count_product_tag', '1'), (174, 504, 'product_count_product_tag', '3'), (175, 505, 'product_count_product_tag', '1'), (176, 489, 'product_count_product_cat', '3'), (177, 506, 'product_count_product_tag', '1'), (178, 507, 'product_count_product_tag', '2'), (179, 508, 'product_count_product_tag', '1'), (180, 509, 'product_count_product_tag', '1'), (181, 510, 'product_count_product_tag', '3'), (182, 511, 'product_count_product_tag', '1'), (183, 512, 'product_count_product_tag', '1'), (184, 513, 'product_count_product_tag', '1'), (185, 514, 'product_count_product_tag', '1'), (186, 515, 'product_count_product_tag', '1'), (187, 516, 'product_count_product_tag', '1');  
 
INSERT INTO `wp_terms` (`term_id`, `name`, `slug`, `term_group`) VALUES (1, 'Uncategorized', 'uncategorized', 0), (2, 'simple', 'simple', 0), (3, 'grouped', 'grouped', 0), (4, 'variable', 'variable', 0), (5, 'external', 'external', 0), (6, 'exclude-from-search', 'exclude-from-search', 0), (7, 'exclude-from-catalog', 'exclude-from-catalog', 0), (8, 'featured', 'featured', 0), (9, 'outofstock', 'outofstock', 0), (10, 'rated-1', 'rated-1', 0), (11, 'rated-2', 'rated-2', 0), (12, 'rated-3', 'rated-3', 0), (13, 'rated-4', 'rated-4', 0), (14, 'rated-5', 'rated-5', 0), (15, 'Uncategorized', 'uncategorized', 0), (16, 'Popular Destinations', 'popular-destinations', 0), (17, 'Cheap Hotels', 'cheap-hotels', 0), (18, 'Shopping', 'shopping', 0), (19, 'Beaches &amp; Sun', 'beaches-sun', 0), (20, 'Fast Foods', 'fast-foods', 0), (115, 'United State', 'united-state', 0), (116, 'Alabama', 'alabama', 0), (117, 'Anniston', 'anniston', 0), (118, 'Chickasaw', 'chickasaw', 0), (119, 'Demopolis', 'demopolis', 0), (120, 'Enterprise', 'enterprise', 0), (121, 'Phenix City', 'phenix-city', 0), (122, 'Sheffield', 'sheffield', 0), (123, 'Arizona', 'arizona', 0), (124, 'Avondale', 'avondale', 0), (125, 'Bisbee', 'bisbee', 0), (126, 'Casa Grande', 'casa-grande', 0), (127, 'Kingman', 'kingman', 0), (128, 'Lake Havasu City', 'lake-havasu-city', 0), (129, 'Arkansas', 'arkansas', 0), (130, 'Little Rock', 'little-rock', 0), (131, 'Pine Bluff', 'pine-bluff', 0), (132, 'Hot Springs', 'hot-springs', 0), (133, 'Pakistan', 'pakistan', 0), (134, 'Punjab', 'punjab', 0), (135, 'Sindh', 'sindh', 0), (136, 'Balochistan', 'balochistan', 0), (137, 'Khyber Pakhtunkhwa', 'khyber-pakhtunkhwa', 0), (138, 'Lahore', 'lahore', 0), (139, 'Model Town Link Road', 'model-town-link-road', 0), (140, 'Peshawer', 'peshawer', 0), (141, 'Abazai', 'abazai', 0), (142, 'Karachi', 'karachi', 0), (143, 'Gulberg Town', 'gulberg-town', 0), (144, 'Quetta', 'quetta', 0), (145, 'Abid town', 'abid-town', 0), (146, 'Cheap', 'cheap', 0), (147, 'Economical', 'economical', 0), (148, 'Expensive', 'expensive', 0), (149, 'Ultra Expensive', 'ultra-expensive', 0), (150, '€', 'e', 0), (151, '£', '151', 0), (152, '$', '152', 0), (153, '¢', '%c2%a2', 0), (154, 'pizza.hotel', 'pizza-hotel', 0), (155, 'bar', 'bar', 0), (156, 'tasty', 'tasty', 0), (157, 'food', 'food', 0), (158, 'pizza', 'pizza', 0), (159, 'burger', 'burger', 0), (160, 'spicy', 'spicy', 0), (161, 'broast', 'broast', 0), (162, 'crunchy', 'crunchy', 0), (163, 'spacey', 'spacey', 0), (167, 'Real estate', 'real-estate', 0), (168, 'Investment', 'investment', 0), (169, 'Houses', 'houses', 0), (170, 'Apartments', 'apartments', 0), (171, 'Departments', 'departments', 0), (172, 'Day Spas', 'day-spas', 0), (173, 'Skin Care', 'skin-care', 0), (174, 'Tanning Salons', 'tanning-salons', 0), (175, 'Nail Salons', 'nail-salons', 0), (176, 'Yoga Instruction', 'yoga-instruction', 0), (177, 'Beauty Salons', 'beauty-salons', 0), (178, 'Massage Services', 'massage-services', 0), (179, 'Massage Therapists', 'massage-therapists', 0), (180, 'Acupuncture', 'acupuncture', 0), (181, 'Make-Up Artists', 'make-up-artists', 0), (182, 'Permanent Make-Up', 'permanent-make-up', 0), (183, 'Hair Stylists', 'hair-stylists', 0), (184, 'Body Wrap Salons', 'body-wrap-salons', 0), (185, 'Cosmetologists', 'cosmetologists', 0), (186, 'Hair Removal', 'hair-removal', 0), (187, 'Auto Repair &amp; Service', 'auto-repair-service', 0), (188, 'Automobile Parts &amp; Supplies', 'automobile-parts-supplies', 0), (189, 'Brake Repair', 'brake-repair', 0), (190, 'Auto Oil &amp; Lube', 'auto-oil-lube', 0), (191, 'Automobile Air Conditioning Equipment-Service &amp; Repair', 'automobile-air-conditioning-equipment-service-repair', 0), (192, 'Tire Dealers', 'tire-dealers', 0), (193, 'Automobile Electric Service', 'automobile-electric-service', 0), (194, 'Tire Recap', 'tire-recap', 0), (195, 'Retread &amp; Repair', 'retread-repair', 0), (196, 'Wheels-Aligning &amp; Balancing', 'wheels-aligning-balancing', 0), (197, 'Mufflers &amp; Exhaust Systems', 'mufflers-exhaust-systems', 0), (198, 'Wheel Alignment-Frame &amp; Axle Servicing-Automotive', 'wheel-alignment-frame-axle-servicing-automotive', 0), (199, 'Emissions Inspection Stations', 'emissions-inspection-stations', 0), (200, 'Automobile Electrical Equipment', 'automobile-electrical-equipment', 0), (201, 'Discount Stores', 'discount-stores', 0), (202, 'Clothing Stores', 'clothing-stores', 0), (203, 'Outlet Stores', 'outlet-stores', 0), (204, 'Men\'s Clothing Wholesalers &amp; Manufacturers', 'mens-clothing-wholesalers-manufacturers', 0), (205, 'Women\'s Clothing Wholesalers &amp; Manufacturers', 'womens-clothing-wholesalers-manufacturers', 0), (206, 'Art Galleries', 'art-galleries', 0), (207, 'Dealers &amp; Consultants', 'dealers-consultants', 0), (208, 'Fine Art Artists', 'fine-art-artists', 0), (209, 'Medical', 'medical', 0), (210, 'Physical therapy', 'physical-therapy', 0), (211, 'Chiropractic', 'chiropractic', 0), (212, 'Manipulation Under Anesthesia', 'manipulation-under-anesthesia', 0), (213, 'Diagnostic testing', 'diagnostic-testing', 0), (214, 'Hearing tests', 'hearing-tests', 0), (215, 'Hearing aids', 'hearing-aids', 0), (216, 'Hearing and Tinnitus rehabilitation', 'hearing-and-tinnitus-rehabilitation', 0), (217, 'Custom musician monitors &amp; protective hearing &amp; swim plugs', 'custom-musician-monitors-protective-hearing-swim-plugs', 0), (218, 'Assistive listening devices', 'assistive-listening-devices', 0), (219, 'yummy', 'yummy', 0), (220, 'quality', 'quality', 0), (221, 'Health Clubs', 'health-clubs', 0), (222, 'Exercise &amp; Physical Fitness Programs', 'exercise-physical-fitness-programs', 0), (223, 'Gymnasiums', 'gymnasiums', 0), (224, 'Physical Fitness Consultants &amp; Trainers', 'physical-fitness-consultants-trainers', 0), (225, 'Personal Fitness Trainers', 'personal-fitness-trainers', 0), (226, 'Hotels', 'hotels', 0), (227, 'Lodging', 'lodging', 0), (228, 'Corporate Lodging', 'corporate-lodging', 0), (229, 'Consumer Electronics', 'consumer-electronics', 0), (230, 'General Merchandise', 'general-merchandise', 0), (231, 'Variety Stores', 'variety-stores', 0), (232, 'Hair Weaving', 'hair-weaving', 0), (233, 'Hair Braiding', 'hair-braiding', 0), (234, 'Entertainment Agencies &amp; Bureaus', 'entertainment-agencies-bureaus', 0), (235, 'Family &amp; Business Entertainers', 'family-business-entertainers', 0), (236, 'Japanese Restaurants', 'japanese-restaurants', 0), (237, 'Family Style Restaurants', 'family-style-restaurants', 0), (238, 'Asian Restaurants', 'asian-restaurants', 0), (239, 'Sushi Bars', 'sushi-bars', 0), (240, 'Restaurants', 'restaurants', 0), (241, 'Automobile Body Repairing &amp; Painting', 'automobile-body-repairing-painting', 0), (242, 'Automobile Customizing', 'automobile-customizing', 0), (243, 'Automotive Tune Up Service', 'automotive-tune-up-service', 0), (244, 'downtown_pkgs', 'downtown_pkgs', 0), (245, 'Blue', 'blue', 0), (246, 'Green', 'green', 0), (247, 'Large', 'large', 0), (248, 'Medium', 'medium', 0), (249, 'Red', 'red', 0), (250, 'Small', 'small', 0), (253, 'Gray', 'gray', 0), (254, 'Accessories', 'accessories', 0), (255, 'Yellow', 'yellow', 0), (257, 'Clothing', 'clothing', 0), (261, 'Accessories', 'accessories-clothing', 0), (271, 'Australia', 'australia', 0), (272, 'France', 'france', 0), (273, 'United Kingdom', 'united-kingdom', 0), (274, 'Italy', 'italy', 0), (275, 'Florida', 'florida', 0), (279, 'cannon', 'cannon', 0), (280, 'camera', 'camera', 0), (281, 'dslr', 'dslr', 0), (282, 'mark', 'mark', 0), (283, 'shirts', 'shirts', 0), (284, 'Polo', 'polo', 0), (285, 'pack', 'pack', 0), (286, 'watch', 'watch', 0), (287, 'apple', 'apple', 0), (288, 'smart watch', 'smart-watch', 0), (289, 'moto 360', 'moto-360', 0), (290, 'shoes', 'shoes', 0), (291, 'volcom', 'volcom', 0), (292, 'Leather', 'leather', 0), (293, 'Shoe', 'shoe', 0), (294, 'headphone', 'headphone', 0), (295, 'bluetooth', 'bluetooth', 0), (296, 'wireless', 'wireless', 0), (297, 'Quartz', 'quartz', 0), (298, 'Casual', 'casual', 0), (299, 'samsung', 'samsung', 0), (300, 'galaxy', 'galaxy', 0), (301, 's6', 's6', 0), (302, 'gold', 'gold', 0), (303, 'style', 'style', 0), (304, 'classic', 'classic', 0), (305, 'purse', 'purse', 0), (306, 'elegent', 'elegent', 0), (307, 'sleeveless', 'sleeveless', 0), (308, 'dress', 'dress', 0), (309, 'embroidered', 'embroidered', 0), (310, 'cocktail', 'cocktail', 0), (311, 'Runner', 'runner', 0), (312, 'Merrell', 'merrell', 0), (313, 'laptop', 'laptop', 0), (314, 'lenovo', 'lenovo', 0), (315, 'Ideapad', 'ideapad', 0), (316, 't shirt', 't-shirt', 0), (317, 'mens wear', 'mens-wear', 0), (318, 'summer collection', 'summer-collection', 0), (319, 'tag', 'tag', 0), (320, 'tag2', 'tag2', 0), (321, 'dwt_listing_pkgs', 'dwt_listing_pkgs', 0), (322, 'Pet Sitting', 'pet-sitting', 0), (323, 'Vacation care', 'vacation-care', 0), (324, 'Dog walking', 'dog-walking', 0), (325, 'Additional services', 'additional-services', 0), (326, 'Insurance', 'insurance', 0), (327, 'Bonding', 'bonding', 0), (328, 'Overnight Care', 'overnight-care', 0), (329, 'Dog Training', 'dog-training', 0), (330, 'Individual Dog Training', 'individual-dog-training', 0), (331, 'Obedience training', 'obedience-training', 0), (332, 'Agility Training', 'agility-training', 0), (333, 'Daytime Training- at our facility', 'daytime-training-at-our-facility', 0), (334, 'Private Lesson- In Home', 'private-lesson-in-home', 0), (335, 'Private Lesson- at our facility', 'private-lesson-at-our-facility', 0), (336, 'Board and Train', 'board-and-train', 0), (337, 'Photography', 'pet-photography', 0), (338, 'Formal Studio Portrait', 'formal-studio-portrait', 0), (339, 'Location Portrait Session', 'location-portrait-session', 0), (340, 'Holiday Candid Photographs', 'holiday-candid-photographs', 0), (341, 'Additional Services', 'additional-services-pet-photography', 0), (342, 'signature Session', 'signature-session', 0), (343, 'Standard Photo Session', 'standard-photo-session', 0), (344, 'FINE-ART PHOTOGRAPHY', 'fine-art-photography', 0), (345, 'SUPER DOG MODEL?', 'super-dog-model', 0), (346, 'ALL THE LOVE.', 'all-the-love', 0), (347, 'Pet Boarding', 'pet-boarding', 0), (348, 'Daycare', 'daycare', 0), (349, 'Trail walk', 'trail-walk', 0), (350, 'Enrichment', 'enrichment', 0), (351, 'Nail trim', 'nail-trim', 0), (352, 'Frozen Kong', 'frozen-kong', 0), (353, 'Ear Cleaning', 'ear-cleaning', 0), (354, 'Brain Games in kennel', 'brain-games-in-kennel', 0), (355, 'Treat search game in yard', 'treat-search-game-in-yard', 0), (356, 'Clothing', 'clothing-and-accessories', 0), (357, 'Dog Supplies', 'dog-supplies', 0), (358, 'Cat Clothing &amp; Accessories', 'cat-clothing-accessories', 0), (359, 'Aquarium and Fish Accessories', 'aquarium-and-fish-accessories', 0), (360, 'Bird Accessories', 'bird-accessories', 0), (361, 'Other Small Animal Accessories', 'other-small-animal-accessories', 0), (362, 'Pet Toys Store', 'pet-toys-store', 0), (363, 'Balls', 'balls', 0), (364, 'Flying toys', 'flying-toys', 0), (365, 'Interactive Toys', 'interactive-toys', 0), (366, 'Plush Toys', 'plush-toys', 0), (367, 'Rope Toys', 'rope-toys', 0), (368, 'Pet Restaurant', 'pet-restaurant', 0), (369, 'Signature Meals', 'signature-meals', 0), (370, 'Therapeutic Meals', 'therapeutic-meals', 0), (371, 'Treat Meals', 'treat-meals', 0), (372, 'Value Meals', 'value-meals', 0), (373, 'Home Delivery', 'home-delivery', 0), (374, 'Meal Builder', 'meal-builder', 0), (375, 'Pet Supply Store', 'pet-supply-store', 0), (376, 'Dog Food', 'dog-food', 0), (377, 'Cat Food', 'cat-food', 0), (378, 'Small Animal Product', 'small-animal-product', 0), (379, 'DUCK &amp; CHICKEN FEED, TREATS, &amp; SUPPLEMENTS', 'duck-chicken-feed-treats-supplements', 0), (380, 'DELIVERY SERVICE', 'delivery-service', 0), (381, 'OUR LOCAL VENDORS', 'our-local-vendors', 0), (382, 'ONLINE SHOP', 'online-shop', 0), (383, 'Veterinary', 'veterinary-pet-services', 0), (384, 'Feeding', 'feeding', 0), (385, 'Dog Cat, Bird Visits', 'dog-cat-bird-visits', 0), (386, 'Mid Day Walks', 'mid-day-walks', 0), (387, 'Medical Care', 'medical-care', 0), (388, 'Basic Home Care', 'basic-home-care', 0), (389, 'pet sitting', 'pet-sitting', 0), (390, 'tips', 'tips', 0), (391, 'day care', 'day-care', 0), (392, 'dogs', 'dogs', 0), (393, 'cats', 'cats', 0), (394, 'sitters', 'sitters', 0), (395, 'dog clothes', 'dog-clothes', 0), (396, 'cat clothes', 'cat-clothes', 0), (397, 'accessories', 'accessories', 0), (398, 'store', 'store', 0), (399, 'online', 'online', 0), (400, 'Pet Shop', 'pet-shop', 0), (401, 'Dogs', 'dogs', 0), (402, 'Cats', 'cats', 0), (403, 'Birds', 'birds', 0), (404, 'Fishes', 'fishes', 0), (405, 'Kittens', 'kittens', 0), (406, 'Puppies', 'puppies', 0), (411, 'adopt', 'adopt', 0), (412, 'puppies', 'puppies', 0), (413, 'macaws', 'macaws', 0), (414, 'amazon', 'amazon', 0), (415, 'australian parrot', 'australian-parrot', 0), (416, 'feral parrots', 'feral-parrots', 0), (417, 'fictional parrots', 'fictional-parrots', 0), (418, 'parrots of asia', 'parrots-of-asia', 0), (419, 'parrots of south america', 'parrots-of-south-america', 0), (420, 'lean chicken', 'lean-chicken', 0), (421, 'turkey', 'turkey', 0), (422, 'skinless and boneless.', 'skinless-and-boneless', 0), (423, 'beef', 'beef', 0), (424, 'liver', 'liver', 0), (425, 'most fish', 'most-fish', 0), (426, 'including tuna and salmon', 'including-tuna-and-salmon', 0), (427, 'grains', 'grains', 0), (428, 'pet food', 'pet-food', 0), (429, 'live fish', 'live-fish', 0), (430, 'fish store', 'fish-store', 0), (431, 'gold fish', 'gold-fish', 0), (432, 'fish for sale', 'fish-for-sale', 0), (433, 'colorful pets', 'colorful-pets', 0), (434, 'pets fish', 'pets-fish', 0), (435, 'cat', 'cat', 0), (436, 'clothes', 'clothes', 0), (437, 'apparel', 'apparel', 0), (438, 'fashion', 'fashion', 0), (439, 'cat walk', 'cat-walk', 0), (440, 'pet boarding', 'pet-boarding', 0), (441, 'brain games in kennel', 'brain-games-in-kennel', 0), (442, 'enrichment', 'enrichment', 0), (443, 'treat search game in yard', 'treat-search-game-in-yard', 0), (444, 'rabbit', 'rabbit', 0), (445, 'dog toys', 'dog-toys', 0), (446, 'cat toys', 'cat-toys', 0), (447, 'pet toys', 'pet-toys', 0), (448, 'rabbit toys', 'rabbit-toys', 0), (449, 'toys', 'toys', 0), (450, 'vet service', 'vet-service', 0), (451, 'per service', 'per-service', 0), (452, 'pet clinic', 'pet-clinic', 0), (453, 'holiday candid photographs', 'holiday-candid-photographs', 0), (454, 'fine-art photography', 'fine-art-photography', 0), (455, 'formal studio portrait', 'formal-studio-portrait', 0), (456, 'location portrait session', 'location-portrait-session', 0), (457, 'signature session', 'signature-session', 0), (458, 'standard photo session', 'standard-photo-session', 0), (459, 'cat food', 'cat-food', 0), (460, 'delivery service', 'delivery-service', 0), (461, 'dog food', 'dog-food', 0), (462, 'duck &amp; chicken feed', 'duck-chicken-feed', 0), (463, 'treats', 'treats', 0), (464, 'supplements', 'supplements', 0), (465, 'online shop', 'online-shop', 0), (466, 'dog training', 'dog-training', 0), (467, 'agility training', 'agility-training', 0), (468, 'board and train', 'board-and-train', 0), (469, 'individual dog training', 'individual-dog-training', 0), (470, 'private lesson- at our facility', 'private-lesson-at-our-facility', 0), (471, 'private lesson- in home', 'private-lesson-in-home', 0), (472, 'pets', 'pets', 0), (473, 'pigeons', 'pigeons', 0), (474, 'pet services', 'pet-services', 0), (475, 'pet supllies', 'pet-supllies', 0), (476, 'meal builder', 'meal-builder', 0), (477, 'value meals', 'value-meals', 0), (478, 'therapeutic meals', 'therapeutic-meals', 0), (479, 'signature meals', 'signature-meals', 0), (480, 'game in yard', 'game-in-yard', 0), (481, 'brain games', 'brain-games', 0), (482, 'Health &amp; Fitness', 'health-fitness', 0), (483, 'Racing', 'racing', 0), (484, 'Fashion', 'fashion', 0), (485, 'Trainings', 'trainings', 0), (486, 'Outing', 'outing', 0), (487, 'Games', 'games', 0), (488, 'Food', 'food', 0), (489, 'Toys', 'toys', 0), (490, 'pet food', 'pet-food', 0), (491, 'organic food', 'organic-food', 0), (492, 'dog food', 'dog-food', 0), (493, 'branded', 'branded', 0), (494, 'brand food', 'brand-food', 0), (495, 'dogo', 'dogo', 0), (496, 'easy d', 'easy-d', 0), (497, 'bling dog', 'bling-dog', 0), (498, 'dog dress', 'dog-dress', 0), (499, 'cute dress', 'cute-dress', 0), (500, 'rain coat', 'rain-coat', 0), (501, 'pet rain', 'pet-rain', 0), (502, 'raining coat', 'raining-coat', 0), (503, 'pumpkin Seeds', 'pumpkin-seeds', 0), (504, 'food', 'food', 0), (505, 'universal', 'universal', 0), (506, 'pet', 'pet', 0), (507, 'toys', 'toys', 0), (508, 'ball', 'ball', 0), (509, 'puppy', 'puppy', 0), (510, 'dog', 'dog', 0), (511, 'toy', 'toy', 0), (512, 'milk', 'milk', 0), (513, 'golden retriever', 'golden-retriever', 0), (514, 'dog toy', 'dog-toy', 0), (515, 'bird food', 'bird-food', 0), (516, 'parrot', 'parrot', 0), (517, 'Menu 1', 'menu-1', 0);  
 
INSERT INTO `wp_term_relationships` (`object_id`, `term_taxonomy_id`, `term_order`) VALUES (0, 154, 0), (0, 155, 0), (0, 156, 0), (9, 20, 0), (14, 17, 0), (21, 18, 0), (24, 16, 0), (27, 19, 0), (31, 20, 0), (44, 2, 0), (44, 8, 0), (44, 12, 0), (44, 245, 0), (44, 246, 0), (44, 247, 0), (44, 248, 0), (44, 249, 0), (44, 250, 0), (44, 257, 0), (44, 261, 0), (45, 2, 0), (45, 12, 0), (45, 245, 0), (45, 246, 0), (45, 249, 0), (45, 254, 0), (45, 313, 0), (45, 314, 0), (45, 315, 0), (46, 2, 0), (46, 14, 0), (46, 245, 0), (46, 257, 0), (46, 261, 0), (46, 290, 0), (46, 293, 0), (46, 311, 0), (46, 312, 0), (47, 2, 0), (47, 14, 0), (47, 253, 0), (47, 257, 0), (47, 261, 0), (47, 303, 0), (47, 304, 0), (47, 305, 0), (47, 306, 0), (48, 2, 0), (48, 13, 0), (48, 249, 0), (48, 257, 0), (48, 261, 0), (48, 307, 0), (48, 308, 0), (48, 309, 0), (48, 310, 0), (58, 2, 0), (58, 11, 0), (58, 488, 0), (58, 504, 0), (58, 515, 0), (58, 516, 0), (60, 2, 0), (60, 8, 0), (60, 13, 0), (60, 254, 0), (60, 255, 0), (60, 489, 0), (60, 507, 0), (60, 510, 0), (60, 513, 0), (60, 514, 0), (62, 2, 0), (62, 8, 0), (62, 12, 0), (62, 488, 0), (62, 504, 0), (62, 510, 0), (62, 512, 0), (66, 2, 0), (66, 8, 0), (66, 14, 0), (66, 489, 0), (66, 508, 0), (66, 509, 0), (66, 510, 0), (66, 511, 0), (68, 2, 0), (68, 14, 0), (68, 246, 0), (68, 488, 0), (70, 2, 0), (70, 11, 0), (70, 245, 0), (70, 254, 0), (70, 489, 0), (70, 506, 0), (70, 507, 0), (73, 2, 0), (73, 14, 0), (73, 488, 0), (73, 490, 0), (73, 503, 0), (73, 504, 0), (73, 505, 0), (75, 2, 0), (75, 14, 0), (75, 254, 0), (75, 257, 0), (75, 261, 0), (75, 500, 0), (75, 501, 0), (75, 502, 0), (83, 2, 0), (83, 14, 0), (83, 253, 0), (83, 257, 0), (83, 261, 0), (83, 495, 0), (83, 496, 0), (83, 497, 0), (83, 498, 0), (83, 499, 0), (85, 2, 0), (85, 13, 0), (85, 249, 0), (85, 257, 0), (85, 261, 0), (87, 3, 0), (87, 13, 0), (87, 488, 0), (87, 492, 0), (87, 493, 0), (87, 494, 0), (89, 5, 0), (89, 14, 0), (89, 488, 0), (89, 490, 0), (89, 491, 0), (89, 492, 0), (2534, 15, 0), (2534, 321, 0), (2546, 15, 0), (2546, 321, 0), (2549, 15, 0), (2549, 321, 0), (2581, 115, 0), (2581, 123, 0), (2581, 127, 0), (2581, 147, 0), (2581, 152, 0), (2581, 322, 0), (2581, 323, 0), (2581, 324, 0), (2581, 325, 0), (2581, 326, 0), (2581, 327, 0), (2581, 328, 0), (2581, 389, 0), (2581, 390, 0), (2581, 391, 0), (2581, 392, 0), (2581, 393, 0), (2581, 394, 0), (2591, 115, 0), (2591, 129, 0), (2591, 148, 0), (2591, 152, 0), (2591, 356, 0), (2591, 357, 0), (2591, 358, 0), (2591, 359, 0), (2591, 360, 0), (2591, 361, 0), (2591, 395, 0), (2591, 396, 0), (2591, 397, 0), (2591, 398, 0), (2591, 399, 0), (2601, 18, 0), (2607, 19, 0), (2610, 17, 0), (2615, 115, 0), (2615, 129, 0), (2615, 146, 0), (2615, 152, 0), (2615, 392, 0), (2615, 400, 0), (2615, 401, 0), (2615, 411, 0), (2615, 412, 0), (2622, 115, 0), (2622, 129, 0), (2622, 147, 0), (2622, 152, 0), (2622, 368, 0), (2622, 369, 0), (2622, 370, 0), (2622, 371, 0), (2622, 372, 0), (2622, 373, 0), (2622, 374, 0), (2622, 420, 0), (2622, 421, 0), (2622, 422, 0), (2622, 423, 0), (2622, 424, 0), (2622, 425, 0), (2622, 426, 0), (2622, 427, 0), (2622, 428, 0), (2636, 115, 0), (2636, 116, 0), (2636, 122, 0), (2636, 146, 0), (2636, 152, 0), (2636, 400, 0), (2636, 403, 0), (2636, 413, 0), (2636, 414, 0), (2636, 415, 0), (2636, 416, 0), (2636, 417, 0), (2636, 418, 0), (2636, 419, 0), (2644, 115, 0), (2644, 129, 0), (2644, 131, 0), (2644, 147, 0), (2644, 152, 0), (2644, 400, 0), (2644, 404, 0), (2644, 429, 0), (2644, 430, 0), (2644, 431, 0), (2644, 432, 0), (2644, 433, 0), (2644, 434, 0), (2655, 115, 0), (2655, 129, 0), (2655, 148, 0), (2655, 152, 0), (2655, 206, 0), (2655, 207, 0), (2655, 208, 0), (2662, 115, 0), (2662, 129, 0), (2662, 147, 0), (2662, 152, 0), (2662, 368, 0), (2662, 369, 0), (2662, 370, 0), (2662, 371, 0), (2662, 372, 0), (2662, 373, 0), (2662, 374, 0), (2662, 476, 0), (2662, 477, 0), (2662, 478, 0), (2662, 479, 0), (2669, 115, 0), (2669, 129, 0), (2669, 149, 0), (2669, 151, 0), (2669, 400, 0), (2669, 403, 0), (2669, 472, 0), (2669, 473, 0), (2669, 474, 0), (2669, 475, 0), (2682, 115, 0), (2682, 129, 0), (2682, 147, 0), (2682, 152, 0), (2682, 329, 0), (2682, 330, 0), (2682, 331, 0), (2682, 332, 0), (2682, 333, 0), (2682, 334, 0), (2682, 335, 0), (2682, 336, 0), (2682, 466, 0), (2682, 467, 0), (2682, 468, 0), (2682, 469, 0), (2682, 470, 0), (2682, 471, 0), (2688, 115, 0), (2688, 123, 0), (2688, 124, 0), (2688, 147, 0), (2688, 152, 0), (2688, 375, 0), (2688, 376, 0), (2688, 377, 0), (2688, 378, 0), (2688, 379, 0), (2688, 380, 0), (2688, 381, 0), (2688, 382, 0), (2688, 459, 0), (2688, 460, 0), (2688, 461, 0), (2688, 462, 0), (2688, 463, 0), (2688, 464, 0), (2688, 465, 0), (2693, 115, 0), (2693, 129, 0), (2693, 130, 0), (2693, 146, 0), (2693, 152, 0), (2693, 337, 0), (2693, 338, 0), (2693, 339, 0), (2693, 340, 0), (2693, 341, 0), (2693, 342, 0), (2693, 343, 0), (2693, 344, 0), (2693, 345, 0), (2693, 346, 0), (2693, 453, 0), (2693, 454, 0), (2693, 455, 0), (2693, 456, 0), (2693, 457, 0), (2693, 458, 0), (2700, 115, 0), (2700, 147, 0), (2700, 152, 0), (2700, 383, 0), (2700, 384, 0), (2700, 385, 0), (2700, 386, 0), (2700, 387, 0), (2700, 388, 0), (2700, 450, 0), (2700, 451, 0), (2700, 452, 0), (2705, 115, 0), (2705, 116, 0), (2705, 119, 0), (2705, 147, 0), (2705, 152, 0), (2705, 362, 0), (2705, 445, 0), (2705, 446, 0), (2705, 447, 0), (2705, 448, 0), (2705, 449, 0), (2710, 115, 0), (2710, 147, 0), (2710, 152, 0), (2710, 322, 0), (2710, 323, 0), (2710, 325, 0), (2710, 326, 0), (2710, 327, 0), (2710, 328, 0), (2710, 389, 0), (2710, 444, 0), (2717, 115, 0), (2717, 129, 0), (2717, 147, 0), (2717, 152, 0), (2717, 347, 0), (2717, 348, 0), (2717, 349, 0), (2717, 350, 0), (2717, 351, 0), (2717, 352, 0), (2717, 353, 0), (2717, 354, 0), (2717, 355, 0), (2717, 440, 0), (2717, 441, 0), (2717, 442, 0), (2717, 443, 0), (2812, 487, 0), (2816, 484, 0), (2820, 482, 0), (2825, 486, 0), (2832, 482, 0), (2838, 485, 0), (2842, 482, 0), (2846, 484, 0), (2851, 483, 0), (3204, 115, 0), (3204, 116, 0), (3204, 118, 0), (3204, 147, 0), (3204, 152, 0), (3204, 356, 0), (3204, 358, 0), (3204, 435, 0), (3204, 436, 0), (3204, 437, 0), (3204, 438, 0), (3204, 439, 0), (3207, 115, 0), (3207, 147, 0), (3207, 152, 0), (3207, 347, 0), (3207, 348, 0), (3207, 349, 0), (3207, 350, 0), (3207, 351, 0), (3207, 352, 0), (3207, 353, 0), (3207, 354, 0), (3207, 355, 0), (3207, 440, 0), (3207, 480, 0), (3207, 481, 0), (3872, 517, 0), (3873, 517, 0), (3874, 517, 0), (3875, 517, 0), (3876, 517, 0), (3877, 517, 0), (3878, 517, 0), (3879, 517, 0), (3880, 517, 0), (3881, 517, 0), (3882, 517, 0), (3883, 517, 0), (3884, 517, 0), (3885, 517, 0), (3886, 517, 0), (3887, 517, 0), (3888, 517, 0), (3889, 517, 0), (3890, 517, 0), (3891, 517, 0), (3892, 517, 0), (3893, 517, 0), (3894, 517, 0), (3895, 517, 0), (3896, 517, 0), (3897, 517, 0), (3898, 517, 0), (3899, 517, 0), (3900, 517, 0), (3901, 517, 0), (3902, 517, 0), (3903, 517, 0), (3904, 517, 0), (3905, 517, 0), (3911, 517, 0), (3912, 517, 0), (3913, 517, 0), (3914, 517, 0), (3915, 517, 0), (3916, 517, 0), (3917, 517, 0), (3918, 517, 0), (3919, 517, 0), (3920, 517, 0), (3921, 517, 0), (3922, 517, 0), (3923, 517, 0), (3925, 517, 0), (3926, 517, 0), (3927, 517, 0), (3928, 517, 0);  
 
INSERT INTO `wp_term_taxonomy` (`term_taxonomy_id`, `term_id`, `taxonomy`, `description`, `parent`, `count`) VALUES (1, 1, 'category', '', 0, 0), (2, 2, 'product_type', '', 0, 10), (3, 3, 'product_type', '', 0, 1), (4, 4, 'product_type', '', 0, 0), (5, 5, 'product_type', '', 0, 1), (6, 6, 'product_visibility', '', 0, 0), (7, 7, 'product_visibility', '', 0, 0), (8, 8, 'product_visibility', '', 0, 3), (9, 9, 'product_visibility', '', 0, 0), (10, 10, 'product_visibility', '', 0, 0), (11, 11, 'product_visibility', '', 0, 2), (12, 12, 'product_visibility', '', 0, 1), (13, 13, 'product_visibility', '', 0, 3), (14, 14, 'product_visibility', '', 0, 6), (15, 15, 'product_cat', '', 0, 3), (16, 16, 'category', '', 0, 1), (17, 17, 'category', '', 0, 2), (18, 18, 'category', '', 0, 2), (19, 19, 'category', '', 0, 2), (20, 20, 'category', '', 0, 2), (115, 115, 'l_location', '', 0, 16), (116, 116, 'l_location', '', 115, 3), (117, 117, 'l_location', '', 116, 0), (118, 118, 'l_location', '', 116, 1), (119, 119, 'l_location', '', 116, 1), (120, 120, 'l_location', '', 116, 0), (121, 121, 'l_location', '', 116, 0), (122, 122, 'l_location', '', 116, 1), (123, 123, 'l_location', '', 115, 2), (124, 124, 'l_location', '', 123, 1), (125, 125, 'l_location', '', 123, 0), (126, 126, 'l_location', '', 123, 0), (127, 127, 'l_location', '', 123, 1), (128, 128, 'l_location', '', 123, 0), (129, 129, 'l_location', '', 115, 8), (130, 130, 'l_location', '', 129, 1), (131, 131, 'l_location', '', 129, 1), (132, 132, 'l_location', '', 129, 0), (133, 133, 'l_location', '', 0, 0), (134, 134, 'l_location', '', 133, 0), (135, 135, 'l_location', '', 133, 0), (136, 136, 'l_location', '', 133, 0), (137, 137, 'l_location', '', 133, 0), (138, 138, 'l_location', '', 134, 0), (139, 139, 'l_location', '', 138, 0), (140, 140, 'l_location', '', 137, 0), (141, 141, 'l_location', '', 140, 0), (142, 142, 'l_location', '', 135, 0), (143, 143, 'l_location', '', 142, 0), (144, 144, 'l_location', '', 136, 0), (145, 145, 'l_location', '', 144, 0), (146, 146, 'l_price_type', '', 0, 3), (147, 147, 'l_price_type', '', 0, 11), (148, 148, 'l_price_type', '', 0, 1), (149, 149, 'l_price_type', '', 0, 1), (150, 150, 'l_currency', '', 0, 0), (151, 151, 'l_currency', '', 0, 1), (152, 152, 'l_currency', '', 0, 15), (153, 153, 'l_currency', '', 0, 0), (154, 154, 'l_tags', '', 0, 0), (155, 155, 'l_tags', '', 0, 0), (156, 156, 'l_tags', '', 0, 0), (157, 157, 'l_tags', '', 0, 0), (158, 158, 'l_tags', '', 0, 0), (159, 159, 'l_tags', '', 0, 0), (160, 160, 'l_tags', '', 0, 0), (161, 161, 'l_tags', '', 0, 0), (162, 162, 'l_tags', '', 0, 0), (163, 163, 'l_tags', '', 0, 0), (167, 167, 'l_tags', '', 0, 0), (168, 168, 'l_tags', '', 0, 0), (169, 169, 'l_tags', '', 0, 0), (170, 170, 'l_tags', '', 0, 0), (171, 171, 'l_tags', '', 0, 0), (172, 172, 'l_tags', '', 0, 0), (173, 173, 'l_tags', '', 0, 0), (174, 174, 'l_tags', '', 0, 0), (175, 175, 'l_tags', '', 0, 0), (176, 176, 'l_tags', '', 0, 0), (177, 177, 'l_tags', '', 0, 0), (178, 178, 'l_tags', '', 0, 0), (179, 179, 'l_tags', '', 0, 0), (180, 180, 'l_tags', '', 0, 0), (181, 181, 'l_tags', '', 0, 0), (182, 182, 'l_tags', '', 0, 0), (183, 183, 'l_tags', '', 0, 0), (184, 184, 'l_tags', '', 0, 0), (185, 185, 'l_tags', '', 0, 0), (186, 186, 'l_tags', '', 0, 0), (187, 187, 'l_tags', '', 0, 0), (188, 188, 'l_tags', '', 0, 0), (189, 189, 'l_tags', '', 0, 0), (190, 190, 'l_tags', '', 0, 0), (191, 191, 'l_tags', '', 0, 0), (192, 192, 'l_tags', '', 0, 0), (193, 193, 'l_tags', '', 0, 0), (194, 194, 'l_tags', '', 0, 0), (195, 195, 'l_tags', '', 0, 0), (196, 196, 'l_tags', '', 0, 0), (197, 197, 'l_tags', '', 0, 0), (198, 198, 'l_tags', '', 0, 0), (199, 199, 'l_tags', '', 0, 0), (200, 200, 'l_tags', '', 0, 0), (201, 201, 'l_tags', '', 0, 0), (202, 202, 'l_tags', '', 0, 0), (203, 203, 'l_tags', '', 0, 0), (204, 204, 'l_tags', '', 0, 0), (205, 205, 'l_tags', '', 0, 0), (206, 206, 'l_tags', '', 0, 0), (207, 207, 'l_tags', '', 0, 0), (208, 208, 'l_tags', '', 0, 0), (209, 209, 'l_tags', '', 0, 0), (210, 210, 'l_tags', '', 0, 0), (211, 211, 'l_tags', '', 0, 0), (212, 212, 'l_tags', '', 0, 0), (213, 213, 'l_tags', '', 0, 0), (214, 214, 'l_tags', '', 0, 0), (215, 215, 'l_tags', '', 0, 0), (216, 216, 'l_tags', '', 0, 0), (217, 217, 'l_tags', '', 0, 0), (218, 218, 'l_tags', '', 0, 0), (219, 219, 'l_tags', '', 0, 0), (220, 220, 'l_tags', '', 0, 0), (221, 221, 'l_tags', '', 0, 0), (222, 222, 'l_tags', '', 0, 0), (223, 223, 'l_tags', '', 0, 0), (224, 224, 'l_tags', '', 0, 0), (225, 225, 'l_tags', '', 0, 0), (226, 226, 'l_tags', '', 0, 0), (227, 227, 'l_tags', '', 0, 0), (228, 228, 'l_tags', '', 0, 0), (229, 229, 'l_tags', '', 0, 0), (230, 230, 'l_tags', '', 0, 0), (231, 231, 'l_tags', '', 0, 0), (232, 232, 'l_tags', '', 0, 0), (233, 233, 'l_tags', '', 0, 0), (234, 234, 'l_tags', '', 0, 0), (235, 235, 'l_tags', '', 0, 0), (236, 236, 'l_tags', '', 0, 0), (237, 237, 'l_tags', '', 0, 0), (238, 238, 'l_tags', '', 0, 0), (239, 239, 'l_tags', '', 0, 0), (240, 240, 'l_tags', '', 0, 0), (241, 241, 'l_tags', '', 0, 0), (242, 242, 'l_tags', '', 0, 0), (243, 243, 'l_tags', '', 0, 0), (244, 244, 'product_type', '', 0, 0), (245, 245, 'pa_color', '', 0, 1), (246, 246, 'pa_color', '', 0, 1), (247, 247, 'pa_size', '', 0, 0), (248, 248, 'pa_size', '', 0, 0), (249, 249, 'pa_color', '', 0, 1), (250, 250, 'pa_size', '', 0, 0), (253, 253, 'pa_color', '', 0, 1), (254, 254, 'product_cat', '', 0, 3), (255, 255, 'pa_color', '', 0, 1), (257, 257, 'product_cat', '', 0, 3), (261, 261, 'product_cat', '', 257, 3), (271, 271, 'l_location', '', 0, 0), (272, 272, 'l_location', '', 0, 0), (273, 273, 'l_location', '', 0, 0), (274, 274, 'l_location', '', 0, 0), (275, 275, 'l_location', '', 115, 0), (279, 279, 'product_tag', '', 0, 0), (280, 280, 'product_tag', '', 0, 0), (281, 281, 'product_tag', '', 0, 0), (282, 282, 'product_tag', '', 0, 0), (283, 283, 'product_tag', '', 0, 0), (284, 284, 'product_tag', '', 0, 0), (285, 285, 'product_tag', '', 0, 0), (286, 286, 'product_tag', '', 0, 0), (287, 287, 'product_tag', '', 0, 0), (288, 288, 'product_tag', '', 0, 0), (289, 289, 'product_tag', '', 0, 0), (290, 290, 'product_tag', '', 0, 0), (291, 291, 'product_tag', '', 0, 0), (292, 292, 'product_tag', '', 0, 0), (293, 293, 'product_tag', '', 0, 0), (294, 294, 'product_tag', '', 0, 0), (295, 295, 'product_tag', '', 0, 0), (296, 296, 'product_tag', '', 0, 0), (297, 297, 'product_tag', '', 0, 0), (298, 298, 'product_tag', '', 0, 0), (299, 299, 'product_tag', '', 0, 0), (300, 300, 'product_tag', '', 0, 0), (301, 301, 'product_tag', '', 0, 0), (302, 302, 'product_tag', '', 0, 0), (303, 303, 'product_tag', '', 0, 0), (304, 304, 'product_tag', '', 0, 0), (305, 305, 'product_tag', '', 0, 0), (306, 306, 'product_tag', '', 0, 0), (307, 307, 'product_tag', '', 0, 0), (308, 308, 'product_tag', '', 0, 0), (309, 309, 'product_tag', '', 0, 0), (310, 310, 'product_tag', '', 0, 0), (311, 311, 'product_tag', '', 0, 0), (312, 312, 'product_tag', '', 0, 0), (313, 313, 'product_tag', '', 0, 0), (314, 314, 'product_tag', '', 0, 0), (315, 315, 'product_tag', '', 0, 0), (316, 316, 'product_tag', '', 0, 0), (317, 317, 'product_tag', '', 0, 0), (318, 318, 'product_tag', '', 0, 0), (319, 319, 'l_tags', '', 0, 0), (320, 320, 'l_tags', '', 0, 0), (321, 321, 'product_type', '', 0, 3), (322, 322, 'l_category', '', 0, 2), (323, 323, 'l_category', '', 322, 2), (324, 324, 'l_category', '', 322, 1), (325, 325, 'l_category', '', 322, 2), (326, 326, 'l_category', '', 322, 2), (327, 327, 'l_category', '', 322, 2), (328, 328, 'l_category', '', 322, 2), (329, 329, 'l_category', '', 0, 1), (330, 330, 'l_category', '', 329, 1), (331, 331, 'l_category', '', 329, 1), (332, 332, 'l_category', '', 329, 1), (333, 333, 'l_category', '', 329, 1), (334, 334, 'l_category', '', 329, 1), (335, 335, 'l_category', '', 329, 1), (336, 336, 'l_category', '', 329, 1), (337, 337, 'l_category', '', 0, 1), (338, 338, 'l_category', '', 337, 1), (339, 339, 'l_category', '', 337, 1), (340, 340, 'l_category', '', 337, 1), (341, 341, 'l_category', '', 337, 1), (342, 342, 'l_category', '', 337, 1), (343, 343, 'l_category', '', 337, 1), (344, 344, 'l_category', '', 337, 1), (345, 345, 'l_category', '', 337, 1), (346, 346, 'l_category', '', 337, 1), (347, 347, 'l_category', '', 0, 1), (348, 348, 'l_category', '', 347, 1), (349, 349, 'l_category', '', 347, 1), (350, 350, 'l_category', '', 347, 1), (351, 351, 'l_category', '', 347, 1), (352, 352, 'l_category', '', 347, 1), (353, 353, 'l_category', '', 347, 1), (354, 354, 'l_category', '', 347, 1), (355, 355, 'l_category', '', 347, 1), (356, 356, 'l_category', '', 0, 2), (357, 357, 'l_category', '', 356, 1), (358, 358, 'l_category', '', 356, 2), (359, 359, 'l_category', '', 356, 1), (360, 360, 'l_category', '', 356, 1), (361, 361, 'l_category', '', 356, 1), (362, 362, 'l_category', '', 0, 1), (363, 363, 'l_category', '', 362, 0), (364, 364, 'l_category', '', 362, 0), (365, 365, 'l_category', '', 362, 0), (366, 366, 'l_category', '', 362, 0), (367, 367, 'l_category', '', 362, 0), (368, 368, 'l_category', '', 0, 2), (369, 369, 'l_category', '', 368, 2), (370, 370, 'l_category', '', 368, 2), (371, 371, 'l_category', '', 368, 2), (372, 372, 'l_category', '', 368, 2), (373, 373, 'l_category', '', 368, 2), (374, 374, 'l_category', '', 368, 2), (375, 375, 'l_category', '', 0, 1), (376, 376, 'l_category', '', 375, 1), (377, 377, 'l_category', '', 375, 1), (378, 378, 'l_category', '', 375, 1), (379, 379, 'l_category', '', 375, 1), (380, 380, 'l_category', '', 375, 1), (381, 381, 'l_category', '', 375, 1), (382, 382, 'l_category', '', 375, 1), (383, 383, 'l_category', '', 0, 1), (384, 384, 'l_category', '', 383, 1), (385, 385, 'l_category', '', 383, 1), (386, 386, 'l_category', '', 383, 1), (387, 387, 'l_category', '', 383, 1), (388, 388, 'l_category', '', 383, 1), (389, 389, 'l_tags', '', 0, 2), (390, 390, 'l_tags', '', 0, 1), (391, 391, 'l_tags', '', 0, 1), (392, 392, 'l_tags', '', 0, 2), (393, 393, 'l_tags', '', 0, 1), (394, 394, 'l_tags', '', 0, 1), (395, 395, 'l_tags', '', 0, 1), (396, 396, 'l_tags', '', 0, 1), (397, 397, 'l_tags', '', 0, 1), (398, 398, 'l_tags', '', 0, 1), (399, 399, 'l_tags', '', 0, 1), (400, 400, 'l_category', '', 0, 4), (401, 401, 'l_category', '', 400, 1), (402, 402, 'l_category', '', 400, 0), (403, 403, 'l_category', '', 400, 2), (404, 404, 'l_category', '', 400, 1), (405, 405, 'l_category', '', 400, 0), (406, 406, 'l_category', '', 400, 0), (411, 411, 'l_tags', '', 0, 1), (412, 412, 'l_tags', '', 0, 1), (413, 413, 'l_tags', '', 0, 1), (414, 414, 'l_tags', '', 0, 1), (415, 415, 'l_tags', '', 0, 1), (416, 416, 'l_tags', '', 0, 1), (417, 417, 'l_tags', '', 0, 1), (418, 418, 'l_tags', '', 0, 1), (419, 419, 'l_tags', '', 0, 1), (420, 420, 'l_tags', '', 0, 1), (421, 421, 'l_tags', '', 0, 1), (422, 422, 'l_tags', '', 0, 1), (423, 423, 'l_tags', '', 0, 1), (424, 424, 'l_tags', '', 0, 1), (425, 425, 'l_tags', '', 0, 1), (426, 426, 'l_tags', '', 0, 1), (427, 427, 'l_tags', '', 0, 1), (428, 428, 'l_tags', '', 0, 1), (429, 429, 'l_tags', '', 0, 1), (430, 430, 'l_tags', '', 0, 1), (431, 431, 'l_tags', '', 0, 1), (432, 432, 'l_tags', '', 0, 1), (433, 433, 'l_tags', '', 0, 1), (434, 434, 'l_tags', '', 0, 1), (435, 435, 'l_tags', '', 0, 1), (436, 436, 'l_tags', '', 0, 1), (437, 437, 'l_tags', '', 0, 1), (438, 438, 'l_tags', '', 0, 1), (439, 439, 'l_tags', '', 0, 1), (440, 440, 'l_tags', '', 0, 1), (441, 441, 'l_tags', '', 0, 0), (442, 442, 'l_tags', '', 0, 0), (443, 443, 'l_tags', '', 0, 0), (444, 444, 'l_tags', '', 0, 1), (445, 445, 'l_tags', '', 0, 1), (446, 446, 'l_tags', '', 0, 1), (447, 447, 'l_tags', '', 0, 1), (448, 448, 'l_tags', '', 0, 1), (449, 449, 'l_tags', '', 0, 1), (450, 450, 'l_tags', '', 0, 1), (451, 451, 'l_tags', '', 0, 1), (452, 452, 'l_tags', '', 0, 1), (453, 453, 'l_tags', '', 0, 1), (454, 454, 'l_tags', '', 0, 1), (455, 455, 'l_tags', '', 0, 1), (456, 456, 'l_tags', '', 0, 1), (457, 457, 'l_tags', '', 0, 1), (458, 458, 'l_tags', '', 0, 1), (459, 459, 'l_tags', '', 0, 1), (460, 460, 'l_tags', '', 0, 1), (461, 461, 'l_tags', '', 0, 1), (462, 462, 'l_tags', '', 0, 1), (463, 463, 'l_tags', '', 0, 1), (464, 464, 'l_tags', '', 0, 1), (465, 465, 'l_tags', '', 0, 1), (466, 466, 'l_tags', '', 0, 1), (467, 467, 'l_tags', '', 0, 1), (468, 468, 'l_tags', '', 0, 1), (469, 469, 'l_tags', '', 0, 1), (470, 470, 'l_tags', '', 0, 1), (471, 471, 'l_tags', '', 0, 1), (472, 472, 'l_tags', '', 0, 1), (473, 473, 'l_tags', '', 0, 1), (474, 474, 'l_tags', '', 0, 1), (475, 475, 'l_tags', '', 0, 1), (476, 476, 'l_tags', '', 0, 1), (477, 477, 'l_tags', '', 0, 1), (478, 478, 'l_tags', '', 0, 1), (479, 479, 'l_tags', '', 0, 1), (480, 480, 'l_tags', '', 0, 1), (481, 481, 'l_tags', '', 0, 1), (482, 482, 'l_event_cat', '', 0, 3), (483, 483, 'l_event_cat', '', 0, 1), (484, 484, 'l_event_cat', '', 0, 2), (485, 485, 'l_event_cat', '', 0, 1), (486, 486, 'l_event_cat', '', 0, 1), (487, 487, 'l_event_cat', '', 0, 1), (488, 488, 'product_cat', '', 0, 6), (489, 489, 'product_cat', '', 0, 3), (490, 490, 'product_tag', '', 0, 2), (491, 491, 'product_tag', '', 0, 1), (492, 492, 'product_tag', '', 0, 2), (493, 493, 'product_tag', '', 0, 1), (494, 494, 'product_tag', '', 0, 1), (495, 495, 'product_tag', '', 0, 1), (496, 496, 'product_tag', '', 0, 1), (497, 497, 'product_tag', '', 0, 1), (498, 498, 'product_tag', '', 0, 1), (499, 499, 'product_tag', '', 0, 1), (500, 500, 'product_tag', '', 0, 1), (501, 501, 'product_tag', '', 0, 1), (502, 502, 'product_tag', '', 0, 1), (503, 503, 'product_tag', '', 0, 1), (504, 504, 'product_tag', '', 0, 3), (505, 505, 'product_tag', '', 0, 1), (506, 506, 'product_tag', '', 0, 1), (507, 507, 'product_tag', '', 0, 2), (508, 508, 'product_tag', '', 0, 1), (509, 509, 'product_tag', '', 0, 1), (510, 510, 'product_tag', '', 0, 3), (511, 511, 'product_tag', '', 0, 1), (512, 512, 'product_tag', '', 0, 1), (513, 513, 'product_tag', '', 0, 1), (514, 514, 'product_tag', '', 0, 1), (515, 515, 'product_tag', '', 0, 1), (516, 516, 'product_tag', '', 0, 1), (517, 517, 'nav_menu', '', 0, 51);