INSERT INTO `wp_termmeta` (`meta_id`, `term_id`, `meta_key`, `meta_value`) VALUES (1, 15, 'product_count_product_cat', '5'), (24, 279, 'product_count_product_tag', '1'), (25, 280, 'product_count_product_tag', '1'), (26, 281, 'product_count_product_tag', '1'), (27, 282, 'product_count_product_tag', '1'), (28, 283, 'product_count_product_tag', '1'), (29, 284, 'product_count_product_tag', '1'), (30, 285, 'product_count_product_tag', '1'), (31, 286, 'product_count_product_tag', '3'), (32, 287, 'product_count_product_tag', '1'), (33, 288, 'product_count_product_tag', '3'), (34, 289, 'product_count_product_tag', '1'), (35, 290, 'product_count_product_tag', '2'), (36, 291, 'product_count_product_tag', '1'), (37, 292, 'product_count_product_tag', '1'), (38, 293, 'product_count_product_tag', '2'), (39, 294, 'product_count_product_tag', '0'), (40, 295, 'product_count_product_tag', '0'), (41, 296, 'product_count_product_tag', '0'), (42, 297, 'product_count_product_tag', '1'), (43, 298, 'product_count_product_tag', '1'), (44, 299, 'product_count_product_tag', '1'), (45, 300, 'product_count_product_tag', '1'), (46, 301, 'product_count_product_tag', '1'), (47, 302, 'product_count_product_tag', '1'), (48, 303, 'product_count_product_tag', '1'), (49, 304, 'product_count_product_tag', '1'), (50, 305, 'product_count_product_tag', '1'), (51, 306, 'product_count_product_tag', '1'), (52, 307, 'product_count_product_tag', '1'), (53, 308, 'product_count_product_tag', '1'), (54, 309, 'product_count_product_tag', '1'), (55, 310, 'product_count_product_tag', '1'), (56, 311, 'product_count_product_tag', '1'), (57, 312, 'product_count_product_tag', '1'), (58, 313, 'product_count_product_tag', '1'), (59, 314, 'product_count_product_tag', '1'), (60, 315, 'product_count_product_tag', '1'), (61, 316, 'product_count_product_tag', '0'), (62, 317, 'product_count_product_tag', '1'), (63, 318, 'product_count_product_tag', '0'), (75, 322, 'category_icon', 'flaticon2-church'), (76, 323, 'category_icon', 'flaticon2-frame'), (77, 324, 'category_icon', 'flaticon2-flower'), (78, 325, 'category_icon', 'flaticon-hair-1'), (79, 326, 'category_icon', 'icon-entertainers'), (80, 327, 'category_icon', 'flaticon2-wedding-video'), (81, 328, 'category_icon', 'flaticon2-serving-dish'), (82, 329, 'category_icon', 'flaticon2-cake-1'), (83, 330, 'category_icon', ''), (84, 331, 'category_icon', ''), (85, 332, 'category_icon', ''), (86, 333, 'category_icon', ''), (87, 334, 'category_icon', ''), (88, 335, 'category_icon', ''), (89, 336, 'category_icon', ''), (90, 337, 'category_icon', ''), (91, 338, 'category_icon', ''), (92, 339, 'category_icon', ''), (93, 340, 'category_icon', ''), (94, 341, 'category_icon', ''), (95, 342, 'category_icon', ''), (96, 343, 'category_icon', ''), (97, 344, 'category_icon', ''), (98, 345, 'category_icon', ''), (99, 346, 'category_icon', ''), (100, 347, 'category_icon', ''), (101, 348, 'category_icon', ''), (102, 349, 'category_icon', ''), (103, 350, 'category_icon', ''), (104, 351, 'category_icon', ''), (105, 352, 'category_icon', ''), (106, 353, 'category_icon', ''), (107, 354, 'category_icon', ''), (108, 355, 'category_icon', ''), (109, 356, 'category_icon', ''), (110, 357, 'category_icon', ''), (111, 358, 'category_icon', ''), (112, 359, 'category_icon', ''), (113, 360, 'category_icon', ''), (114, 361, 'category_icon', ''), (115, 362, 'category_icon', ''), (116, 363, 'category_icon', ''), (117, 364, 'category_icon', ''), (118, 365, 'category_icon', ''), (119, 366, 'category_icon', ''), (120, 367, 'category_icon', ''), (121, 368, 'category_icon', ''), (122, 369, 'category_icon', ''), (123, 370, 'category_icon', ''), (124, 371, 'category_icon', ''), (125, 372, 'category_icon', ''), (126, 373, 'category_icon', 'icon-event-planners'), (127, 374, 'category_icon', ''), (128, 375, 'category_icon', ''), (129, 376, 'category_icon', ''), (130, 377, 'category_icon', ''), (131, 437, 'category_icon', 'flaticon2-wedding-couple'), (132, 438, 'category_icon', 'flaticon-wedding-ring-1'), (133, 440, 'order', '0'), (134, 440, 'display_type', ''), (135, 440, 'thumbnail_id', '0'), (136, 441, 'order', '0'), (137, 441, 'display_type', ''), (138, 441, 'thumbnail_id', '0'), (139, 442, 'order', '0'), (140, 442, 'display_type', ''), (141, 442, 'thumbnail_id', '0'), (142, 443, 'order', '0'), (143, 443, 'display_type', ''), (144, 443, 'thumbnail_id', '0'), (145, 444, 'order', '0'), (146, 444, 'display_type', ''), (147, 444, 'thumbnail_id', '0'), (148, 445, 'product_count_product_tag', '1'), (149, 446, 'product_count_product_tag', '1'), (150, 441, 'product_count_product_cat', '6'), (151, 447, 'product_count_product_tag', '1'), (152, 448, 'product_count_product_tag', '1'), (153, 442, 'product_count_product_cat', '5'), (154, 444, 'product_count_product_cat', '4'), (155, 440, 'product_count_product_cat', '4'), (156, 443, 'product_count_product_cat', '1');  
 
INSERT INTO `wp_terms` (`term_id`, `name`, `slug`, `term_group`) VALUES (1, 'Uncategorized', 'uncategorized', 0), (2, 'simple', 'simple', 0), (3, 'grouped', 'grouped', 0), (4, 'variable', 'variable', 0), (5, 'external', 'external', 0), (6, 'exclude-from-search', 'exclude-from-search', 0), (7, 'exclude-from-catalog', 'exclude-from-catalog', 0), (8, 'featured', 'featured', 0), (9, 'outofstock', 'outofstock', 0), (10, 'rated-1', 'rated-1', 0), (11, 'rated-2', 'rated-2', 0), (12, 'rated-3', 'rated-3', 0), (13, 'rated-4', 'rated-4', 0), (14, 'rated-5', 'rated-5', 0), (15, 'Uncategorized', 'uncategorized', 0), (115, 'United State', 'united-state', 0), (116, 'Alabama', 'alabama', 0), (117, 'Anniston', 'anniston', 0), (118, 'Chickasaw', 'chickasaw', 0), (119, 'Demopolis', 'demopolis', 0), (120, 'Enterprise', 'enterprise', 0), (121, 'Phenix City', 'phenix-city', 0), (122, 'Sheffield', 'sheffield', 0), (123, 'Arizona', 'arizona', 0), (124, 'Avondale', 'avondale', 0), (125, 'Bisbee', 'bisbee', 0), (126, 'Casa Grande', 'casa-grande', 0), (127, 'Kingman', 'kingman', 0), (128, 'Lake Havasu City', 'lake-havasu-city', 0), (129, 'Arkansas', 'arkansas', 0), (130, 'Little Rock', 'little-rock', 0), (131, 'Pine Bluff', 'pine-bluff', 0), (132, 'Hot Springs', 'hot-springs', 0), (133, 'Pakistan', 'pakistan', 0), (134, 'Punjab', 'punjab', 0), (135, 'Sindh', 'sindh', 0), (136, 'Balochistan', 'balochistan', 0), (137, 'Khyber Pakhtunkhwa', 'khyber-pakhtunkhwa', 0), (138, 'Lahore', 'lahore', 0), (139, 'Model Town Link Road', 'model-town-link-road', 0), (140, 'Peshawer', 'peshawer', 0), (141, 'Abazai', 'abazai', 0), (142, 'Karachi', 'karachi', 0), (143, 'Gulberg Town', 'gulberg-town', 0), (144, 'Quetta', 'quetta', 0), (145, 'Abid town', 'abid-town', 0), (146, 'Cheap', 'cheap', 0), (147, 'Economical', 'economical', 0), (148, 'Expensive', 'expensive', 0), (149, 'Ultra Expensive', 'ultra-expensive', 0), (150, '€', 'e', 0), (151, '£', '151', 0), (152, '$', '152', 0), (153, '¢', '%c2%a2', 0), (154, 'pizza.hotel', 'pizza-hotel', 0), (155, 'bar', 'bar', 0), (156, 'tasty', 'tasty', 0), (157, 'food', 'food', 0), (158, 'pizza', 'pizza', 0), (159, 'burger', 'burger', 0), (160, 'spicy', 'spicy', 0), (161, 'broast', 'broast', 0), (162, 'crunchy', 'crunchy', 0), (163, 'spacey', 'spacey', 0), (167, 'Real estate', 'real-estate', 0), (168, 'Investment', 'investment', 0), (169, 'Houses', 'houses', 0), (170, 'Apartments', 'apartments', 0), (171, 'Departments', 'departments', 0), (172, 'Day Spas', 'day-spas', 0), (173, 'Skin Care', 'skin-care', 0), (174, 'Tanning Salons', 'tanning-salons', 0), (175, 'Nail Salons', 'nail-salons', 0), (176, 'Yoga Instruction', 'yoga-instruction', 0), (177, 'Beauty Salons', 'beauty-salons', 0), (178, 'Massage Services', 'massage-services', 0), (179, 'Massage Therapists', 'massage-therapists', 0), (180, 'Acupuncture', 'acupuncture', 0), (181, 'Make-Up Artists', 'make-up-artists', 0), (182, 'Permanent Make-Up', 'permanent-make-up', 0), (183, 'Hair Stylists', 'hair-stylists', 0), (184, 'Body Wrap Salons', 'body-wrap-salons', 0), (185, 'Cosmetologists', 'cosmetologists', 0), (186, 'Hair Removal', 'hair-removal', 0), (187, 'Auto Repair &amp; Service', 'auto-repair-service', 0), (188, 'Automobile Parts &amp; Supplies', 'automobile-parts-supplies', 0), (189, 'Brake Repair', 'brake-repair', 0), (190, 'Auto Oil &amp; Lube', 'auto-oil-lube', 0), (191, 'Automobile Air Conditioning Equipment-Service &amp; Repair', 'automobile-air-conditioning-equipment-service-repair', 0), (192, 'Tire Dealers', 'tire-dealers', 0), (193, 'Automobile Electric Service', 'automobile-electric-service', 0), (194, 'Tire Recap', 'tire-recap', 0), (195, 'Retread &amp; Repair', 'retread-repair', 0), (196, 'Wheels-Aligning &amp; Balancing', 'wheels-aligning-balancing', 0), (197, 'Mufflers &amp; Exhaust Systems', 'mufflers-exhaust-systems', 0), (198, 'Wheel Alignment-Frame &amp; Axle Servicing-Automotive', 'wheel-alignment-frame-axle-servicing-automotive', 0), (199, 'Emissions Inspection Stations', 'emissions-inspection-stations', 0), (200, 'Automobile Electrical Equipment', 'automobile-electrical-equipment', 0), (201, 'Discount Stores', 'discount-stores', 0), (202, 'Clothing Stores', 'clothing-stores', 0), (203, 'Outlet Stores', 'outlet-stores', 0), (204, 'Men\'s Clothing Wholesalers &amp; Manufacturers', 'mens-clothing-wholesalers-manufacturers', 0), (205, 'Women\'s Clothing Wholesalers &amp; Manufacturers', 'womens-clothing-wholesalers-manufacturers', 0), (206, 'Art Galleries', 'art-galleries', 0), (207, 'Dealers &amp; Consultants', 'dealers-consultants', 0), (208, 'Fine Art Artists', 'fine-art-artists', 0), (209, 'Medical', 'medical', 0), (210, 'Physical therapy', 'physical-therapy', 0), (211, 'Chiropractic', 'chiropractic', 0), (212, 'Manipulation Under Anesthesia', 'manipulation-under-anesthesia', 0), (213, 'Diagnostic testing', 'diagnostic-testing', 0), (214, 'Hearing tests', 'hearing-tests', 0), (215, 'Hearing aids', 'hearing-aids', 0), (216, 'Hearing and Tinnitus rehabilitation', 'hearing-and-tinnitus-rehabilitation', 0), (217, 'Custom musician monitors &amp; protective hearing &amp; swim plugs', 'custom-musician-monitors-protective-hearing-swim-plugs', 0), (218, 'Assistive listening devices', 'assistive-listening-devices', 0), (219, 'yummy', 'yummy', 0), (220, 'quality', 'quality', 0), (221, 'Health Clubs', 'health-clubs', 0), (222, 'Exercise &amp; Physical Fitness Programs', 'exercise-physical-fitness-programs', 0), (223, 'Gymnasiums', 'gymnasiums', 0), (224, 'Physical Fitness Consultants &amp; Trainers', 'physical-fitness-consultants-trainers', 0), (225, 'Personal Fitness Trainers', 'personal-fitness-trainers', 0), (226, 'Hotels', 'hotels', 0), (227, 'Lodging', 'lodging', 0), (228, 'Corporate Lodging', 'corporate-lodging', 0), (229, 'Consumer Electronics', 'consumer-electronics', 0), (230, 'General Merchandise', 'general-merchandise', 0), (231, 'Variety Stores', 'variety-stores', 0), (232, 'Hair Weaving', 'hair-weaving', 0), (233, 'Hair Braiding', 'hair-braiding', 0), (234, 'Entertainment Agencies &amp; Bureaus', 'entertainment-agencies-bureaus', 0), (235, 'Family &amp; Business Entertainers', 'family-business-entertainers', 0), (236, 'Japanese Restaurants', 'japanese-restaurants', 0), (237, 'Family Style Restaurants', 'family-style-restaurants', 0), (238, 'Asian Restaurants', 'asian-restaurants', 0), (239, 'Sushi Bars', 'sushi-bars', 0), (240, 'Restaurants', 'restaurants', 0), (241, 'Automobile Body Repairing &amp; Painting', 'automobile-body-repairing-painting', 0), (242, 'Automobile Customizing', 'automobile-customizing', 0), (243, 'Automotive Tune Up Service', 'automotive-tune-up-service', 0), (244, 'downtown_pkgs', 'downtown_pkgs', 0), (245, 'Blue', 'blue', 0), (246, 'Green', 'green', 0), (247, 'Large', 'large', 0), (248, 'Medium', 'medium', 0), (249, 'Red', 'red', 0), (250, 'Small', 'small', 0), (253, 'Gray', 'gray', 0), (255, 'Yellow', 'yellow', 0), (271, 'Australia', 'australia', 0), (272, 'France', 'france', 0), (273, 'United Kingdom', 'united-kingdom', 0), (274, 'Italy', 'italy', 0), (275, 'Florida', 'florida', 0), (279, 'cannon', 'cannon', 0), (280, 'camera', 'camera', 0), (281, 'dslr', 'dslr', 0), (282, 'mark', 'mark', 0), (283, 'shirts', 'shirts', 0), (284, 'Polo', 'polo', 0), (285, 'pack', 'pack', 0), (286, 'watch', 'watch', 0), (287, 'apple', 'apple', 0), (288, 'smart watch', 'smart-watch', 0), (289, 'moto 360', 'moto-360', 0), (290, 'shoes', 'shoes', 0), (291, 'volcom', 'volcom', 0), (292, 'Leather', 'leather', 0), (293, 'Shoe', 'shoe', 0), (294, 'headphone', 'headphone', 0), (295, 'bluetooth', 'bluetooth', 0), (296, 'wireless', 'wireless', 0), (297, 'Quartz', 'quartz', 0), (298, 'Casual', 'casual', 0), (299, 'samsung', 'samsung', 0), (300, 'galaxy', 'galaxy', 0), (301, 's6', 's6', 0), (302, 'gold', 'gold', 0), (303, 'style', 'style', 0), (304, 'classic', 'classic', 0), (305, 'purse', 'purse', 0), (306, 'elegent', 'elegent', 0), (307, 'sleeveless', 'sleeveless', 0), (308, 'dress', 'dress', 0), (309, 'embroidered', 'embroidered', 0), (310, 'cocktail', 'cocktail', 0), (311, 'Runner', 'runner', 0), (312, 'Merrell', 'merrell', 0), (313, 'laptop', 'laptop', 0), (314, 'lenovo', 'lenovo', 0), (315, 'Ideapad', 'ideapad', 0), (316, 't shirt', 't-shirt', 0), (317, 'mens wear', 'mens-wear', 0), (318, 'summer collection', 'summer-collection', 0), (319, 'tag', 'tag', 0), (320, 'tag2', 'tag2', 0), (321, 'dwt_listing_pkgs', 'dwt_listing_pkgs', 0), (322, 'Wedding Venues', 'wedding-venues', 0), (323, 'Photographers', 'photographers', 0), (324, 'Florist', 'florist', 0), (325, 'Wedding Makeup', 'wedding-makeup', 0), (326, 'Music Bands', 'music-bands', 0), (327, 'VideoGraphy', 'videography', 0), (328, 'Catering', 'catering', 0), (329, 'Cake', 'cake', 0), (330, 'Wedding Cakes', 'wedding-cakes', 0), (331, 'Wedding Cup Cakes', 'wedding-cup-cakes', 0), (332, 'Custom Cake Designs', 'custom-cake-designs', 0), (333, 'Desserts', 'desserts', 0), (334, 'Mini Desserts', 'mini-desserts', 0), (335, 'Cash On Delivery', 'cash-on-delivery', 0), (336, 'Wedding Ceremony', 'wedding-ceremony', 0), (337, 'Open Air', 'open-air', 0), (338, 'Marquees', 'marquees', 0), (339, 'Reception', 'reception', 0), (340, 'Theme Parties', 'theme-parties', 0), (341, 'In Air Marquees', 'in-air-marquees', 0), (342, 'Wedding Photography', 'wedding-photography', 0), (343, 'Head-shot Photography', 'head-shot-photography', 0), (344, 'Portrait', 'portrait', 0), (345, 'birthday Shot', 'birthday-shot', 0), (346, 'Commercial Shot', 'commercial-shot', 0), (347, 'Event Shot', 'event-shot', 0), (348, 'Product Photography', 'product-photography', 0), (349, 'Model Portfolio', 'model-portfolio', 0), (350, 'Cinematography Services', 'cinematography-services', 0), (351, 'Event Design &amp; Styling', 'event-design-styling', 0), (352, 'Event Decor &amp; Rentals', 'event-decor-rentals', 0), (353, 'Lighting', 'lighting', 0), (354, 'Flower Arrangements', 'flower-arrangements', 0), (355, 'Decoration', 'decoration', 0), (356, 'Custom Designs', 'custom-designs', 0), (357, 'Hair Services', 'hair-services', 0), (358, 'Makeup Services', 'makeup-services', 0), (359, 'Wedding Dj', 'wedding-dj', 0), (360, 'Live Songs', 'live-songs', 0), (361, 'Light Back Ground Music', 'light-back-ground-music', 0), (362, 'Custom Music', 'custom-music', 0), (363, 'Professional Editing', 'professional-editing', 0), (364, 'Wedding Films', 'wedding-films', 0), (365, 'Short Event Clips', 'short-event-clips', 0), (366, 'Out Door Shots', 'out-door-shots', 0), (367, 'Wedding', 'wedding', 0), (368, 'Private', 'private', 0), (369, 'Corporate', 'corporate', 0), (370, 'Multi Dishes', 'multi-dishes', 0), (371, 'One Dish', 'one-dish', 0), (372, 'Perties', 'perties', 0), (373, 'Event Planners', 'event-planners', 0), (374, 'Wedding Events', 'wedding-events', 0), (375, 'Corporate Events', 'corporate-events', 0), (376, 'Bridal Shower', 'bridal-shower', 0), (377, 'Honeymoon Planning', 'honeymoon-planning', 0), (378, 'cake', 'cake', 0), (379, 'wedding cake', 'wedding-cake', 0), (380, 'decorated cake', 'decorated-cake', 0), (381, 'catering', 'catering', 0), (382, 'services', 'services', 0), (383, 'event planners', 'event-planners', 0), (384, 'events', 'events', 0), (385, 'bridal shower', 'bridal-shower', 0), (386, 'wedding', 'wedding', 0), (387, 'reception', 'reception', 0), (388, 'custom designs', 'custom-designs', 0), (389, 'decoration', 'decoration', 0), (390, 'flower arrangement', 'flower-arrangement', 0), (391, 'songs', 'songs', 0), (392, 'wedding songs', 'wedding-songs', 0), (393, 'band', 'band', 0), (394, 'live songs', 'live-songs', 0), (395, 'wedding photography', 'wedding-photography', 0), (396, 'in door shot', 'in-door-shot', 0), (397, 'out door shot', 'out-door-shot', 0), (398, 'venue', 'venue', 0), (399, 'event complex', 'event-complex', 0), (400, 'video clips', 'video-clips', 0), (401, 'wedding video', 'wedding-video', 0), (402, 'shot', 'shot', 0), (403, 'makeup', 'makeup', 0), (404, 'hair', 'hair', 0), (405, 'cake wedding', 'cake-wedding', 0), (406, 'corporate events', 'corporate-events', 0), (407, 'wedding planning', 'wedding-planning', 0), (408, 'decoration event', 'decoration-event', 0), (409, 'decor &amp; rentals', 'decor-rentals', 0), (410, 'event design &amp;', 'event-design', 0), (411, 'styling flower', 'styling-flower', 0), (412, 'custom music light', 'custom-music-light', 0), (413, 'back ground music', 'back-ground-music', 0), (414, 'live songs wedding', 'live-songs-wedding', 0), (415, 'dj', 'dj', 0), (416, 'birthday shot', 'birthday-shot', 0), (417, 'cinematography services', 'cinematography-services', 0), (418, 'commercial shot', 'commercial-shot', 0), (419, 'event shot', 'event-shot', 0), (420, 'head-shot', 'head-shot', 0), (421, 'photography model', 'photography-model', 0), (422, 'in air marquees', 'in-air-marquees', 0), (423, 'marquees', 'marquees', 0), (424, 'open air', 'open-air', 0), (425, 'theme parties', 'theme-parties', 0), (426, 'wedding ceremony', 'wedding-ceremony', 0), (427, 'hair services', 'hair-services', 0), (428, 'makeup services', 'makeup-services', 0), (429, 'Pre Wedding', 'pre-wedding', 0), (430, 'Wedding', 'wedding', 0), (431, 'Out door shoot', 'out-door-shot', 0), (432, 'Post Wedding', 'post-wedding', 0), (433, 'Wedding', 'wedding', 0), (434, 'Tips', 'tips', 0), (435, 'Seasonal wedding', 'seasonal-wedding', 0), (436, 'recommendation', 'recommendation', 0), (437, 'Marriage Bureau', 'marriage-bureau', 0), (438, 'Match Making', 'match-making', 0), (439, 'match makers', 'match-makers', 0), (440, 'Bridal Wear', 'bridal-wear', 0), (441, 'Groom Wear', 'groom-wear', 0), (442, 'Accessories', 'accessories', 0), (443, 'Shoes', 'shoes', 0), (444, 'Jewellery', 'jewellery', 0), (445, 'suit', 'suit', 0), (446, '2 piece', '2-piece', 0), (447, 'bow', 'bow', 0), (448, 'groom wear', 'groom-wear', 0), (449, 'Menu 1', 'menu-1', 0);  
 
INSERT INTO `wp_term_relationships` (`object_id`, `term_taxonomy_id`, `term_order`) VALUES (0, 154, 0), (0, 155, 0), (0, 156, 0), (9, 1, 0), (14, 1, 0), (21, 1, 0), (24, 436, 0), (27, 434, 0), (31, 435, 0), (44, 2, 0), (44, 8, 0), (44, 12, 0), (44, 15, 0), (44, 245, 0), (44, 246, 0), (44, 247, 0), (44, 248, 0), (44, 249, 0), (44, 250, 0), (45, 2, 0), (45, 12, 0), (45, 15, 0), (45, 245, 0), (45, 246, 0), (45, 249, 0), (45, 313, 0), (45, 314, 0), (45, 315, 0), (46, 2, 0), (46, 14, 0), (46, 245, 0), (46, 290, 0), (46, 293, 0), (46, 311, 0), (46, 312, 0), (46, 442, 0), (46, 443, 0), (47, 2, 0), (47, 14, 0), (47, 253, 0), (47, 303, 0), (47, 304, 0), (47, 305, 0), (47, 306, 0), (47, 442, 0), (47, 444, 0), (48, 2, 0), (48, 13, 0), (48, 249, 0), (48, 307, 0), (48, 308, 0), (48, 309, 0), (48, 310, 0), (48, 440, 0), (58, 2, 0), (58, 11, 0), (58, 299, 0), (58, 300, 0), (58, 301, 0), (58, 302, 0), (58, 440, 0), (60, 2, 0), (60, 8, 0), (60, 13, 0), (60, 255, 0), (60, 286, 0), (60, 288, 0), (60, 297, 0), (60, 298, 0), (60, 442, 0), (60, 444, 0), (62, 2, 0), (62, 8, 0), (62, 12, 0), (62, 286, 0), (62, 287, 0), (62, 288, 0), (62, 289, 0), (62, 441, 0), (66, 2, 0), (66, 8, 0), (66, 14, 0), (66, 290, 0), (66, 291, 0), (66, 292, 0), (66, 293, 0), (66, 441, 0), (68, 2, 0), (68, 14, 0), (68, 246, 0), (68, 441, 0), (70, 2, 0), (70, 11, 0), (70, 245, 0), (70, 283, 0), (70, 284, 0), (70, 285, 0), (70, 440, 0), (73, 2, 0), (73, 14, 0), (73, 286, 0), (73, 288, 0), (73, 440, 0), (75, 2, 0), (75, 14, 0), (75, 441, 0), (83, 2, 0), (83, 14, 0), (83, 253, 0), (83, 279, 0), (83, 280, 0), (83, 281, 0), (83, 282, 0), (83, 442, 0), (83, 444, 0), (85, 2, 0), (85, 13, 0), (85, 249, 0), (85, 442, 0), (85, 444, 0), (87, 3, 0), (87, 13, 0), (87, 317, 0), (87, 441, 0), (87, 447, 0), (87, 448, 0), (89, 5, 0), (89, 14, 0), (89, 441, 0), (89, 445, 0), (89, 446, 0), (2534, 15, 0), (2534, 321, 0), (2546, 15, 0), (2546, 321, 0), (2549, 15, 0), (2549, 321, 0), (2581, 115, 0), (2581, 123, 0), (2581, 127, 0), (2581, 147, 0), (2581, 152, 0), (2581, 322, 0), (2581, 336, 0), (2581, 337, 0), (2581, 338, 0), (2581, 339, 0), (2581, 340, 0), (2581, 341, 0), (2581, 387, 0), (2581, 422, 0), (2581, 423, 0), (2581, 424, 0), (2581, 425, 0), (2581, 426, 0), (2591, 115, 0), (2591, 129, 0), (2591, 148, 0), (2591, 152, 0), (2591, 325, 0), (2591, 357, 0), (2591, 358, 0), (2591, 427, 0), (2591, 428, 0), (2601, 436, 0), (2607, 434, 0), (2610, 433, 0), (2615, 115, 0), (2615, 129, 0), (2615, 146, 0), (2615, 152, 0), (2615, 323, 0), (2615, 342, 0), (2615, 349, 0), (2615, 416, 0), (2615, 417, 0), (2615, 418, 0), (2615, 419, 0), (2615, 420, 0), (2615, 421, 0), (2622, 115, 0), (2622, 129, 0), (2622, 147, 0), (2622, 152, 0), (2622, 324, 0), (2622, 351, 0), (2622, 352, 0), (2622, 353, 0), (2622, 354, 0), (2622, 355, 0), (2622, 356, 0), (2622, 388, 0), (2622, 408, 0), (2622, 409, 0), (2622, 410, 0), (2622, 411, 0), (2636, 115, 0), (2636, 116, 0), (2636, 122, 0), (2636, 146, 0), (2636, 152, 0), (2636, 326, 0), (2636, 359, 0), (2636, 360, 0), (2636, 361, 0), (2636, 362, 0), (2636, 412, 0), (2636, 413, 0), (2636, 414, 0), (2636, 415, 0), (2644, 115, 0), (2644, 129, 0), (2644, 131, 0), (2644, 147, 0), (2644, 152, 0), (2644, 373, 0), (2644, 374, 0), (2644, 375, 0), (2644, 376, 0), (2644, 377, 0), (2644, 385, 0), (2644, 406, 0), (2644, 407, 0), (2655, 115, 0), (2655, 129, 0), (2655, 148, 0), (2655, 152, 0), (2655, 329, 0), (2655, 330, 0), (2655, 331, 0), (2655, 332, 0), (2655, 333, 0), (2655, 334, 0), (2655, 335, 0), (2655, 378, 0), (2655, 380, 0), (2655, 386, 0), (2655, 405, 0), (2662, 115, 0), (2662, 129, 0), (2662, 147, 0), (2662, 152, 0), (2662, 180, 0), (2662, 209, 0), (2662, 210, 0), (2662, 211, 0), (2662, 212, 0), (2662, 213, 0), (2662, 214, 0), (2662, 215, 0), (2662, 216, 0), (2662, 217, 0), (2662, 218, 0), (2662, 328, 0), (2662, 367, 0), (2662, 368, 0), (2662, 369, 0), (2662, 370, 0), (2662, 371, 0), (2662, 372, 0), (2669, 115, 0), (2669, 129, 0), (2669, 149, 0), (2669, 151, 0), (2669, 325, 0), (2669, 357, 0), (2669, 358, 0), (2669, 386, 0), (2669, 403, 0), (2669, 404, 0), (2682, 115, 0), (2682, 129, 0), (2682, 147, 0), (2682, 152, 0), (2682, 327, 0), (2682, 363, 0), (2682, 364, 0), (2682, 365, 0), (2682, 366, 0), (2682, 396, 0), (2682, 397, 0), (2682, 400, 0), (2682, 401, 0), (2682, 402, 0), (2688, 133, 0), (2688, 134, 0), (2688, 138, 0), (2688, 147, 0), (2688, 152, 0), (2688, 322, 0), (2688, 336, 0), (2688, 337, 0), (2688, 338, 0), (2688, 339, 0), (2688, 340, 0), (2688, 341, 0), (2688, 384, 0), (2688, 398, 0), (2688, 399, 0), (2693, 115, 0), (2693, 129, 0), (2693, 130, 0), (2693, 146, 0), (2693, 152, 0), (2693, 323, 0), (2693, 342, 0), (2693, 343, 0), (2693, 344, 0), (2693, 345, 0), (2693, 346, 0), (2693, 347, 0), (2693, 348, 0), (2693, 349, 0), (2693, 350, 0), (2693, 395, 0), (2693, 396, 0), (2693, 397, 0), (2700, 115, 0), (2700, 147, 0), (2700, 152, 0), (2700, 326, 0), (2700, 391, 0), (2700, 392, 0), (2700, 393, 0), (2700, 394, 0), (2705, 147, 0), (2705, 152, 0), (2705, 273, 0), (2705, 324, 0), (2705, 351, 0), (2705, 352, 0), (2705, 353, 0), (2705, 354, 0), (2705, 355, 0), (2705, 356, 0), (2705, 388, 0), (2705, 389, 0), (2705, 390, 0), (2710, 115, 0), (2710, 147, 0), (2710, 152, 0), (2710, 373, 0), (2710, 374, 0), (2710, 375, 0), (2710, 376, 0), (2710, 377, 0), (2710, 383, 0), (2710, 384, 0), (2710, 385, 0), (2710, 386, 0), (2710, 387, 0), (2717, 115, 0), (2717, 129, 0), (2717, 147, 0), (2717, 152, 0), (2717, 157, 0), (2717, 328, 0), (2717, 367, 0), (2717, 368, 0), (2717, 369, 0), (2717, 370, 0), (2717, 371, 0), (2717, 372, 0), (2717, 381, 0), (2717, 382, 0), (2825, 429, 0), (2832, 432, 0), (2842, 430, 0), (2846, 431, 0), (2851, 429, 0), (3204, 115, 0), (3204, 116, 0), (3204, 118, 0), (3204, 147, 0), (3204, 152, 0), (3204, 329, 0), (3204, 330, 0), (3204, 331, 0), (3204, 332, 0), (3204, 333, 0), (3204, 334, 0), (3204, 335, 0), (3204, 378, 0), (3204, 379, 0), (3204, 380, 0), (3821, 133, 0), (3821, 146, 0), (3821, 153, 0), (3821, 437, 0), (3821, 439, 0), (3925, 449, 0), (3926, 449, 0), (3927, 449, 0), (3928, 449, 0), (3929, 449, 0), (3930, 449, 0), (3931, 449, 0), (3932, 449, 0), (3933, 449, 0), (3934, 449, 0), (3935, 449, 0), (3936, 449, 0), (3937, 449, 0), (3938, 449, 0), (3939, 449, 0), (3940, 449, 0), (3941, 449, 0), (3942, 449, 0), (3943, 449, 0), (3944, 449, 0), (3945, 449, 0), (3946, 449, 0), (3947, 449, 0), (3948, 449, 0), (3949, 449, 0), (3950, 449, 0), (3951, 449, 0), (3952, 449, 0), (3953, 449, 0), (3954, 449, 0), (3955, 449, 0), (3956, 449, 0), (3957, 449, 0), (3958, 449, 0), (3964, 449, 0), (3965, 449, 0), (3966, 449, 0), (3967, 449, 0), (3968, 449, 0), (3969, 449, 0), (3970, 449, 0), (3971, 449, 0), (3972, 449, 0), (3973, 449, 0), (3974, 449, 0), (3975, 449, 0), (3976, 449, 0), (3977, 449, 0), (3978, 449, 0), (3979, 449, 0), (3981, 449, 0);  
 
INSERT INTO `wp_term_taxonomy` (`term_taxonomy_id`, `term_id`, `taxonomy`, `description`, `parent`, `count`) VALUES (1, 1, 'category', '', 0, 0), (2, 2, 'product_type', '', 0, 15), (3, 3, 'product_type', '', 0, 1), (4, 4, 'product_type', '', 0, 0), (5, 5, 'product_type', '', 0, 1), (6, 6, 'product_visibility', '', 0, 0), (7, 7, 'product_visibility', '', 0, 0), (8, 8, 'product_visibility', '', 0, 4), (9, 9, 'product_visibility', '', 0, 0), (10, 10, 'product_visibility', '', 0, 0), (11, 11, 'product_visibility', '', 0, 2), (12, 12, 'product_visibility', '', 0, 3), (13, 13, 'product_visibility', '', 0, 4), (14, 14, 'product_visibility', '', 0, 8), (15, 15, 'product_cat', '', 0, 5), (115, 115, 'l_location', '', 0, 15), (116, 116, 'l_location', '', 115, 2), (117, 117, 'l_location', '', 116, 0), (118, 118, 'l_location', '', 116, 1), (119, 119, 'l_location', '', 116, 0), (120, 120, 'l_location', '', 116, 0), (121, 121, 'l_location', '', 116, 0), (122, 122, 'l_location', '', 116, 1), (123, 123, 'l_location', '', 115, 1), (124, 124, 'l_location', '', 123, 0), (125, 125, 'l_location', '', 123, 0), (126, 126, 'l_location', '', 123, 0), (127, 127, 'l_location', '', 123, 1), (128, 128, 'l_location', '', 123, 0), (129, 129, 'l_location', '', 115, 10), (130, 130, 'l_location', '', 129, 1), (131, 131, 'l_location', '', 129, 1), (132, 132, 'l_location', '', 129, 0), (133, 133, 'l_location', '', 0, 1), (134, 134, 'l_location', '', 133, 1), (135, 135, 'l_location', '', 133, 0), (136, 136, 'l_location', '', 133, 0), (137, 137, 'l_location', '', 133, 0), (138, 138, 'l_location', '', 134, 1), (139, 139, 'l_location', '', 138, 0), (140, 140, 'l_location', '', 137, 0), (141, 141, 'l_location', '', 140, 0), (142, 142, 'l_location', '', 135, 0), (143, 143, 'l_location', '', 142, 0), (144, 144, 'l_location', '', 136, 0), (145, 145, 'l_location', '', 144, 0), (146, 146, 'l_price_type', '', 0, 3), (147, 147, 'l_price_type', '', 0, 11), (148, 148, 'l_price_type', '', 0, 2), (149, 149, 'l_price_type', '', 0, 1), (150, 150, 'l_currency', '', 0, 0), (151, 151, 'l_currency', '', 0, 1), (152, 152, 'l_currency', '', 0, 16), (153, 153, 'l_currency', '', 0, 0), (154, 154, 'l_tags', '', 0, 0), (155, 155, 'l_tags', '', 0, 0), (156, 156, 'l_tags', '', 0, 0), (157, 157, 'l_tags', '', 0, 1), (158, 158, 'l_tags', '', 0, 0), (159, 159, 'l_tags', '', 0, 0), (160, 160, 'l_tags', '', 0, 0), (161, 161, 'l_tags', '', 0, 0), (162, 162, 'l_tags', '', 0, 0), (163, 163, 'l_tags', '', 0, 0), (167, 167, 'l_tags', '', 0, 0), (168, 168, 'l_tags', '', 0, 0), (169, 169, 'l_tags', '', 0, 0), (170, 170, 'l_tags', '', 0, 0), (171, 171, 'l_tags', '', 0, 0), (172, 172, 'l_tags', '', 0, 0), (173, 173, 'l_tags', '', 0, 0), (174, 174, 'l_tags', '', 0, 0), (175, 175, 'l_tags', '', 0, 0), (176, 176, 'l_tags', '', 0, 0), (177, 177, 'l_tags', '', 0, 0), (178, 178, 'l_tags', '', 0, 0), (179, 179, 'l_tags', '', 0, 0), (180, 180, 'l_tags', '', 0, 1), (181, 181, 'l_tags', '', 0, 0), (182, 182, 'l_tags', '', 0, 0), (183, 183, 'l_tags', '', 0, 0), (184, 184, 'l_tags', '', 0, 0), (185, 185, 'l_tags', '', 0, 0), (186, 186, 'l_tags', '', 0, 0), (187, 187, 'l_tags', '', 0, 0), (188, 188, 'l_tags', '', 0, 0), (189, 189, 'l_tags', '', 0, 0), (190, 190, 'l_tags', '', 0, 0), (191, 191, 'l_tags', '', 0, 0), (192, 192, 'l_tags', '', 0, 0), (193, 193, 'l_tags', '', 0, 0), (194, 194, 'l_tags', '', 0, 0), (195, 195, 'l_tags', '', 0, 0), (196, 196, 'l_tags', '', 0, 0), (197, 197, 'l_tags', '', 0, 0), (198, 198, 'l_tags', '', 0, 0), (199, 199, 'l_tags', '', 0, 0), (200, 200, 'l_tags', '', 0, 0), (201, 201, 'l_tags', '', 0, 0), (202, 202, 'l_tags', '', 0, 0), (203, 203, 'l_tags', '', 0, 0), (204, 204, 'l_tags', '', 0, 0), (205, 205, 'l_tags', '', 0, 0), (206, 206, 'l_tags', '', 0, 0), (207, 207, 'l_tags', '', 0, 0), (208, 208, 'l_tags', '', 0, 0), (209, 209, 'l_tags', '', 0, 1), (210, 210, 'l_tags', '', 0, 1), (211, 211, 'l_tags', '', 0, 1), (212, 212, 'l_tags', '', 0, 1), (213, 213, 'l_tags', '', 0, 1), (214, 214, 'l_tags', '', 0, 1), (215, 215, 'l_tags', '', 0, 1), (216, 216, 'l_tags', '', 0, 1), (217, 217, 'l_tags', '', 0, 1), (218, 218, 'l_tags', '', 0, 1), (219, 219, 'l_tags', '', 0, 0), (220, 220, 'l_tags', '', 0, 0), (221, 221, 'l_tags', '', 0, 0), (222, 222, 'l_tags', '', 0, 0), (223, 223, 'l_tags', '', 0, 0), (224, 224, 'l_tags', '', 0, 0), (225, 225, 'l_tags', '', 0, 0), (226, 226, 'l_tags', '', 0, 0), (227, 227, 'l_tags', '', 0, 0), (228, 228, 'l_tags', '', 0, 0), (229, 229, 'l_tags', '', 0, 0), (230, 230, 'l_tags', '', 0, 0), (231, 231, 'l_tags', '', 0, 0), (232, 232, 'l_tags', '', 0, 0), (233, 233, 'l_tags', '', 0, 0), (234, 234, 'l_tags', '', 0, 0), (235, 235, 'l_tags', '', 0, 0), (236, 236, 'l_tags', '', 0, 0), (237, 237, 'l_tags', '', 0, 0), (238, 238, 'l_tags', '', 0, 0), (239, 239, 'l_tags', '', 0, 0), (240, 240, 'l_tags', '', 0, 0), (241, 241, 'l_tags', '', 0, 0), (242, 242, 'l_tags', '', 0, 0), (243, 243, 'l_tags', '', 0, 0), (244, 244, 'product_type', '', 0, 0), (245, 245, 'pa_color', '', 0, 4), (246, 246, 'pa_color', '', 0, 3), (247, 247, 'pa_size', '', 0, 1), (248, 248, 'pa_size', '', 0, 1), (249, 249, 'pa_color', '', 0, 4), (250, 250, 'pa_size', '', 0, 1), (253, 253, 'pa_color', '', 0, 2), (255, 255, 'pa_color', '', 0, 1), (271, 271, 'l_location', '', 0, 0), (272, 272, 'l_location', '', 0, 0), (273, 273, 'l_location', '', 0, 1), (274, 274, 'l_location', '', 0, 0), (275, 275, 'l_location', '', 115, 0), (279, 279, 'product_tag', '', 0, 1), (280, 280, 'product_tag', '', 0, 1), (281, 281, 'product_tag', '', 0, 1), (282, 282, 'product_tag', '', 0, 1), (283, 283, 'product_tag', '', 0, 1), (284, 284, 'product_tag', '', 0, 1), (285, 285, 'product_tag', '', 0, 1), (286, 286, 'product_tag', '', 0, 3), (287, 287, 'product_tag', '', 0, 1), (288, 288, 'product_tag', '', 0, 3), (289, 289, 'product_tag', '', 0, 1), (290, 290, 'product_tag', '', 0, 2), (291, 291, 'product_tag', '', 0, 1), (292, 292, 'product_tag', '', 0, 1), (293, 293, 'product_tag', '', 0, 2), (294, 294, 'product_tag', '', 0, 0), (295, 295, 'product_tag', '', 0, 0), (296, 296, 'product_tag', '', 0, 0), (297, 297, 'product_tag', '', 0, 1), (298, 298, 'product_tag', '', 0, 1), (299, 299, 'product_tag', '', 0, 1), (300, 300, 'product_tag', '', 0, 1), (301, 301, 'product_tag', '', 0, 1), (302, 302, 'product_tag', '', 0, 1), (303, 303, 'product_tag', '', 0, 1), (304, 304, 'product_tag', '', 0, 1), (305, 305, 'product_tag', '', 0, 1), (306, 306, 'product_tag', '', 0, 1), (307, 307, 'product_tag', '', 0, 1), (308, 308, 'product_tag', '', 0, 1), (309, 309, 'product_tag', '', 0, 1), (310, 310, 'product_tag', '', 0, 1), (311, 311, 'product_tag', '', 0, 1), (312, 312, 'product_tag', '', 0, 1), (313, 313, 'product_tag', '', 0, 1), (314, 314, 'product_tag', '', 0, 1), (315, 315, 'product_tag', '', 0, 1), (316, 316, 'product_tag', '', 0, 0), (317, 317, 'product_tag', '', 0, 1), (318, 318, 'product_tag', '', 0, 0), (319, 319, 'l_tags', '', 0, 0), (320, 320, 'l_tags', '', 0, 0), (321, 321, 'product_type', '', 0, 3), (322, 322, 'l_category', '', 0, 2), (323, 323, 'l_category', '', 0, 2), (324, 324, 'l_category', '', 0, 2), (325, 325, 'l_category', '', 0, 2), (326, 326, 'l_category', '', 0, 2), (327, 327, 'l_category', '', 0, 1), (328, 328, 'l_category', '', 0, 2), (329, 329, 'l_category', '', 0, 2), (330, 330, 'l_category', '', 329, 2), (331, 331, 'l_category', '', 329, 2), (332, 332, 'l_category', '', 329, 2), (333, 333, 'l_category', '', 329, 2), (334, 334, 'l_category', '', 329, 2), (335, 335, 'l_category', '', 329, 2), (336, 336, 'l_category', '', 322, 2), (337, 337, 'l_category', '', 322, 2), (338, 338, 'l_category', '', 322, 2), (339, 339, 'l_category', '', 322, 2), (340, 340, 'l_category', '', 322, 2), (341, 341, 'l_category', '', 322, 2), (342, 342, 'l_category', '', 323, 2), (343, 343, 'l_category', '', 323, 1), (344, 344, 'l_category', '', 323, 1), (345, 345, 'l_category', '', 323, 1), (346, 346, 'l_category', '', 323, 1), (347, 347, 'l_category', '', 323, 1), (348, 348, 'l_category', '', 323, 1), (349, 349, 'l_category', '', 323, 2), (350, 350, 'l_category', '', 323, 1), (351, 351, 'l_category', '', 324, 2), (352, 352, 'l_category', '', 324, 2), (353, 353, 'l_category', '', 324, 2), (354, 354, 'l_category', '', 324, 2), (355, 355, 'l_category', '', 324, 2), (356, 356, 'l_category', '', 324, 2), (357, 357, 'l_category', '', 325, 2), (358, 358, 'l_category', '', 325, 2), (359, 359, 'l_category', '', 326, 1), (360, 360, 'l_category', '', 326, 1), (361, 361, 'l_category', '', 326, 1), (362, 362, 'l_category', '', 326, 1), (363, 363, 'l_category', '', 327, 1), (364, 364, 'l_category', '', 327, 1), (365, 365, 'l_category', '', 327, 1), (366, 366, 'l_category', '', 327, 1), (367, 367, 'l_category', '', 328, 2), (368, 368, 'l_category', '', 328, 2), (369, 369, 'l_category', '', 328, 2), (370, 370, 'l_category', '', 328, 2), (371, 371, 'l_category', '', 328, 2), (372, 372, 'l_category', '', 328, 2), (373, 373, 'l_category', '', 0, 2), (374, 374, 'l_category', '', 373, 2), (375, 375, 'l_category', '', 373, 2), (376, 376, 'l_category', '', 373, 2), (377, 377, 'l_category', '', 373, 2), (378, 378, 'l_tags', '', 0, 2), (379, 379, 'l_tags', '', 0, 1), (380, 380, 'l_tags', '', 0, 2), (381, 381, 'l_tags', '', 0, 1), (382, 382, 'l_tags', '', 0, 1), (383, 383, 'l_tags', '', 0, 1), (384, 384, 'l_tags', '', 0, 2), (385, 385, 'l_tags', '', 0, 2), (386, 386, 'l_tags', '', 0, 3), (387, 387, 'l_tags', '', 0, 2), (388, 388, 'l_tags', '', 0, 2), (389, 389, 'l_tags', '', 0, 1), (390, 390, 'l_tags', '', 0, 1), (391, 391, 'l_tags', '', 0, 1), (392, 392, 'l_tags', '', 0, 1), (393, 393, 'l_tags', '', 0, 1), (394, 394, 'l_tags', '', 0, 1), (395, 395, 'l_tags', '', 0, 1), (396, 396, 'l_tags', '', 0, 2), (397, 397, 'l_tags', '', 0, 2), (398, 398, 'l_tags', '', 0, 1), (399, 399, 'l_tags', '', 0, 1), (400, 400, 'l_tags', '', 0, 1), (401, 401, 'l_tags', '', 0, 1), (402, 402, 'l_tags', '', 0, 1), (403, 403, 'l_tags', '', 0, 1), (404, 404, 'l_tags', '', 0, 1), (405, 405, 'l_tags', '', 0, 1), (406, 406, 'l_tags', '', 0, 1), (407, 407, 'l_tags', '', 0, 1), (408, 408, 'l_tags', '', 0, 1), (409, 409, 'l_tags', '', 0, 1), (410, 410, 'l_tags', '', 0, 1), (411, 411, 'l_tags', '', 0, 1), (412, 412, 'l_tags', '', 0, 1), (413, 413, 'l_tags', '', 0, 1), (414, 414, 'l_tags', '', 0, 1), (415, 415, 'l_tags', '', 0, 1), (416, 416, 'l_tags', '', 0, 1), (417, 417, 'l_tags', '', 0, 1), (418, 418, 'l_tags', '', 0, 1), (419, 419, 'l_tags', '', 0, 1), (420, 420, 'l_tags', '', 0, 1), (421, 421, 'l_tags', '', 0, 1), (422, 422, 'l_tags', '', 0, 1), (423, 423, 'l_tags', '', 0, 1), (424, 424, 'l_tags', '', 0, 1), (425, 425, 'l_tags', '', 0, 1), (426, 426, 'l_tags', '', 0, 1), (427, 427, 'l_tags', '', 0, 1), (428, 428, 'l_tags', '', 0, 1), (429, 429, 'l_event_cat', '', 0, 2), (430, 430, 'l_event_cat', '', 0, 1), (431, 431, 'l_event_cat', '', 0, 1), (432, 432, 'l_event_cat', '', 0, 1), (433, 433, 'category', '', 0, 1), (434, 434, 'category', '', 0, 2), (435, 435, 'category', '', 0, 1), (436, 436, 'category', '', 0, 2), (437, 437, 'l_category', '', 0, 0), (438, 438, 'l_category', '', 437, 0), (439, 439, 'l_tags', '', 0, 0), (440, 440, 'product_cat', '', 0, 4), (441, 441, 'product_cat', '', 0, 6), (442, 442, 'product_cat', '', 0, 5), (443, 443, 'product_cat', '', 442, 1), (444, 444, 'product_cat', '', 442, 4), (445, 445, 'product_tag', '', 0, 1), (446, 446, 'product_tag', '', 0, 1), (447, 447, 'product_tag', '', 0, 1), (448, 448, 'product_tag', '', 0, 1), (449, 449, 'nav_menu', '', 0, 51);