INSERT INTO `wp_termmeta` (`meta_id`, `term_id`, `meta_key`, `meta_value`) VALUES (1, 15, 'product_count_product_cat', '3'), (2, 251, 'order', '0'), (3, 252, 'order', '0'), (4, 254, 'order', '0'), (5, 256, 'order', '0'), (6, 257, 'order', '0'), (7, 258, 'order', '0'), (8, 251, 'product_count_product_cat', '2'), (9, 252, 'product_count_product_cat', '0'), (10, 254, 'product_count_product_cat', '3'), (11, 256, 'product_count_product_cat', '0'), (12, 257, 'product_count_product_cat', '2'), (13, 258, 'product_count_product_cat', '0'), (14, 259, 'order', '0'), (15, 260, 'order', '0'), (16, 261, 'order', '0'), (17, 259, 'product_count_product_cat', '1'), (18, 260, 'product_count_product_cat', '1'), (19, 261, 'product_count_product_cat', '2'), (20, 278, 'order', '0'), (21, 278, 'display_type', ''), (22, 278, 'thumbnail_id', '0'), (23, 278, 'product_count_product_cat', '4'), (24, 279, 'product_count_product_tag', '1'), (25, 280, 'product_count_product_tag', '1'), (26, 281, 'product_count_product_tag', '1'), (27, 282, 'product_count_product_tag', '1'), (28, 283, 'product_count_product_tag', '1'), (29, 284, 'product_count_product_tag', '1'), (30, 285, 'product_count_product_tag', '0'), (31, 286, 'product_count_product_tag', '1'), (32, 287, 'product_count_product_tag', '0'), (33, 288, 'product_count_product_tag', '1'), (34, 289, 'product_count_product_tag', '0'), (35, 290, 'product_count_product_tag', '0'), (37, 292, 'product_count_product_tag', '0'), (38, 293, 'product_count_product_tag', '0'), (39, 294, 'product_count_product_tag', '1'), (40, 295, 'product_count_product_tag', '1'), (41, 296, 'product_count_product_tag', '1'), (42, 297, 'product_count_product_tag', '0'), (43, 298, 'product_count_product_tag', '0'), (44, 299, 'product_count_product_tag', '0'), (45, 300, 'product_count_product_tag', '0'), (46, 301, 'product_count_product_tag', '0'), (47, 302, 'product_count_product_tag', '0'), (48, 303, 'product_count_product_tag', '0'), (49, 304, 'product_count_product_tag', '0'), (50, 305, 'product_count_product_tag', '0'), (51, 306, 'product_count_product_tag', '0'), (52, 307, 'product_count_product_tag', '0'), (53, 308, 'product_count_product_tag', '0'), (54, 309, 'product_count_product_tag', '0'), (55, 310, 'product_count_product_tag', '0'), (56, 311, 'product_count_product_tag', '0'), (57, 312, 'product_count_product_tag', '0'), (58, 313, 'product_count_product_tag', '0'), (59, 314, 'product_count_product_tag', '0'), (60, 315, 'product_count_product_tag', '0'), (61, 316, 'product_count_product_tag', '1'), (62, 317, 'product_count_product_tag', '1'), (63, 318, 'product_count_product_tag', '1'), (64, 251, 'display_type', ''), (65, 251, 'thumbnail_id', '0'), (66, 256, 'display_type', ''), (67, 256, 'thumbnail_id', '0'), (68, 252, 'display_type', ''), (69, 252, 'thumbnail_id', '0'), (70, 258, 'display_type', ''), (71, 258, 'thumbnail_id', '0'), (72, 259, 'display_type', ''), (73, 259, 'thumbnail_id', '0'), (74, 260, 'display_type', ''), (75, 260, 'thumbnail_id', '0'), (76, 261, 'display_type', ''), (77, 261, 'thumbnail_id', '0'), (78, 257, 'display_type', ''), (79, 257, 'thumbnail_id', '0'), (80, 254, 'display_type', ''), (81, 254, 'thumbnail_id', '0'), (82, 15, 'display_type', ''), (83, 15, 'thumbnail_id', '0'), (84, 276, 'category_icon', 'icon-electronics'), (85, 28, 'category_icon', 'icon-shopping-venues'), (86, 277, 'category_icon', 'icon-travel-and-lodging'), (87, 39, 'category_icon', 'icon-antique'), (88, 23, 'category_icon', 'icon-dental'), (89, 25, 'category_icon', 'icon-construction-and-real-estate'), (90, 24, 'category_icon', 'icon-property-management'), (91, 22, 'category_icon', 'icon-day-spas'), (92, 27, 'category_icon', 'icon-repair-and-service'), (93, 21, 'category_icon', 'icon-entertainment-and-arts'),
(94, 26, 'category_icon', 'icon-food-and-dining');

INSERT INTO `wp_terms` (`term_id`, `name`, `slug`, `term_group`) VALUES (1, 'غير مصنف', '%d8%ba%d9%8a%d8%b1-%d9%85%d8%b5%d9%86%d9%81', 0), (2, 'simple', 'simple', 0), (3, 'grouped', 'grouped', 0), (4, 'variable', 'variable', 0), (5, 'external', 'external', 0), (6, 'exclude-from-search', 'exclude-from-search', 0), (7, 'exclude-from-catalog', 'exclude-from-catalog', 0), (8, 'featured', 'featured', 0), (9, 'outofstock', 'outofstock', 0), (10, 'rated-1', 'rated-1', 0), (11, 'rated-2', 'rated-2', 0), (12, 'rated-3', 'rated-3', 0), (13, 'rated-4', 'rated-4', 0), (14, 'rated-5', 'rated-5', 0), (15, 'غير مصنف', '%d8%ba%d9%8a%d8%b1-%d9%85%d8%b5%d9%86%d9%81', 0), (16, 'الوجهات الرائجة', '%d8%a7%d9%84%d9%88%d8%ac%d9%87%d8%a7%d8%aa-%d8%a7%d9%84%d8%b1%d8%a7%d8%a6%d8%ac%d8%a9', 0), (17, 'فنادق رخيصة', '%d9%81%d9%86%d8%a7%d8%af%d9%82-%d8%b1%d8%ae%d9%8a%d8%b5%d8%a9', 0), (18, 'التسوق', '%d8%a7%d9%84%d8%aa%d8%b3%d9%88%d9%82', 0), (19, 'الشواطئ والشمس', '%d8%a7%d9%84%d8%b4%d9%88%d8%a7%d8%b7%d8%a6-%d9%88%d8%a7%d9%84%d8%b4%d9%85%d8%b3', 0), (20, 'الوجبات السريعة', '%d8%a7%d9%84%d9%88%d8%ac%d8%a8%d8%a7%d8%aa-%d8%a7%d9%84%d8%b3%d8%b1%d9%8a%d8%b9%d8%a9', 0), (21, 'فنون', '%d9%81%d9%86%d9%88%d9%86', 0), (22, 'جمال', '%d8%ac%d9%85%d8%a7%d9%84', 0), (23, 'الصحة', '%d8%a7%d9%84%d8%b5%d8%ad%d8%a9-%d8%a7%d9%84%d8%b7%d8%a8%d9%8a%d8%a9', 0), (24, 'الفنادق', '%d8%a7%d9%84%d9%81%d9%86%d8%a7%d8%af%d9%82', 0), (25, 'العقارات', '%d8%a7%d9%84%d8%b9%d9%82%d8%a7%d8%b1%d8%a7%d8%aa', 0), (26, 'مطعم', '%d9%85%d8%b7%d8%b9%d9%85', 0), (27, 'خدمات', '%d8%ae%d8%af%d9%85%d8%a7%d8%aa', 0), (28, 'التسوق', '%d8%a7%d9%84%d8%aa%d8%b3%d9%88%d9%82', 0), (29, 'الملاعب و الساحات', '%d8%a7%d9%84%d9%85%d9%84%d8%a7%d8%b9%d8%a8-%d9%88-%d8%a7%d9%84%d8%b3%d8%a7%d8%ad%d8%a7%d8%aa', 0), (30, 'الممرات', '%d8%a7%d9%84%d9%85%d9%85%d8%b1%d8%a7%d8%aa', 0), (31, 'سينما', '%d8%b3%d9%8a%d9%86%d9%85%d8%a7', 0), (32, 'المتاحف', '%d8%a7%d9%84%d9%85%d8%aa%d8%a7%d8%ad%d9%81', 0), (33, 'المهرجانات', '%d8%a7%d9%84%d9%85%d9%87%d8%b1%d8%ac%d8%a7%d9%86%d8%a7%d8%aa', 0), (34, 'صالات الموسيقى', '%d8%b5%d8%a7%d9%84%d8%a7%d8%aa-%d8%a7%d9%84%d9%85%d9%88%d8%b3%d9%8a%d9%82%d9%89', 0), (35, 'مركز ثقافي', '%d9%85%d8%b1%d9%83%d8%b2-%d8%ab%d9%82%d8%a7%d9%81%d9%8a', 0), (36, 'المعارض الفنية', '%d8%a7%d9%84%d9%85%d8%b9%d8%a7%d8%b1%d8%b6-%d8%a7%d9%84%d9%81%d9%86%d9%8a%d8%a9', 0), (37, 'وقوف السيارات في الشارع', '%d9%88%d9%82%d9%88%d9%81-%d8%a7%d9%84%d8%b3%d9%8a%d8%a7%d8%b1%d8%a7%d8%aa-%d9%81%d9%8a-%d8%a7%d9%84%d8%b4%d8%a7%d8%b1%d8%b9', 0), (39, 'السيارات', '%d8%a7%d9%84%d8%b3%d9%8a%d8%a7%d8%b1%d8%a7%d8%aa', 0), (40, 'تجار السيارات', '%d8%aa%d8%ac%d8%a7%d8%b1-%d8%a7%d9%84%d8%b3%d9%8a%d8%a7%d8%b1%d8%a7%d8%aa', 0), (41, 'محطات الغاز والخدمات', '%d9%85%d8%ad%d8%b7%d8%a7%d8%aa-%d8%a7%d9%84%d8%ba%d8%a7%d8%b2-%d9%88%d8%a7%d9%84%d8%ae%d8%af%d9%85%d8%a7%d8%aa', 0), (42, 'إصلاح تلقائي', '%d8%a5%d8%b5%d9%84%d8%a7%d8%ad-%d8%aa%d9%84%d9%82%d8%a7%d8%a6%d9%8a', 0), (43, 'غسيل سيارة', '%d8%ba%d8%b3%d9%8a%d9%84-%d8%b3%d9%8a%d8%a7%d8%b1%d8%a9', 0), (44, 'محلات الجسم', '%d9%85%d8%ad%d9%84%d8%a7%d8%aa-%d8%a7%d9%84%d8%ac%d8%b3%d9%85', 0), (45, 'خاص', '%d8%ae%d8%a7%d8%b5', 0), (47, 'الحلاقين', '%d8%a7%d9%84%d8%ad%d9%84%d8%a7%d9%82%d9%8a%d9%86', 0), (48, 'دباغة', '%d8%af%d8%a8%d8%a7%d8%ba%d8%a9', 0), (49, 'الصبح', '%d8%a7%d9%84%d8%b5%d8%a8%d8%ad', 0), (50, 'صالونات شعر', '%d8%b5%d8%a7%d9%84%d9%88%d9%86%d8%a7%d8%aa-%d8%b4%d8%b9%d8%b1', 0), (51, 'يوم سبا', '%d9%8a%d9%88%d9%85-%d8%b3%d8%a8%d8%a7', 0), (52, 'صالونات الأظافر', '%d8%b5%d8%a7%d9%84%d9%88%d9%86%d8%a7%d8%aa-%d8%a7%d9%84%d8%a3%d8%b8%d8%a7%d9%81%d8%b1', 0), (53, 'تدليك', '%d8%aa%d8%af%d9%84%d9%8a%d9%83', 0), (54, 'مزيل شعر', '%d9%85%d8%b2%d9%8a%d9%84-%d8%b4%d8%b9%d8%b1', 0), (55, 'ماكياج الفنانين', '%d9%85%d8%a7%d9%83%d9%8a%d8%a7%d8%ac-%d8%a7%d9%84%d9%81%d9%86%d8%a7%d9%86%d9%8a%d9%86', 0), (56, 'الحيوانات الأليفة ودية', '%d8%a7%d9%84%d8%ad%d9%8a%d9%88%d8%a7%d9%86%d8%a7%d8%aa-%d8%a7%d9%84%d8%a3%d9%84%d9%8a%d9%81%d8%a9-%d9%88%d8%af%d9%8a%d8%a9', 0), (57, 'انترنت لاسلكي', '%d8%a7%d9%86%d8%aa%d8%b1%d9%86%d8%aa-%d9%84%d8%a7%d8%b3%d9%84%d9%83%d9%8a-%d8%ac%d9%85%d8%a7%d9%84', 0), (58, 'العلاج بالإبر', '%d8%a7%d9%84%d8%b9%d9%84%d8%a7%d8%ac-%d8%a8%d8%a7%d9%84%d8%a5%d8%a8%d8%b1', 0), (59, 'تقويم العمود الفقري', '%d8%aa%d9%82%d9%88%d9%8a%d9%85-%d8%a7%d9%84%d8%b9%d9%85%d9%88%d8%af-%d8%a7%d9%84%d9%81%d9%82%d8%b1%d9%8a', 0), (60, 'أطباء الأسنان', '%d8%a3%d8%b7%d8%a8%d8%a7%d8%a1-%d8%a7%d9%84%d8%a3%d8%b3%d9%86%d8%a7%d9%86', 0), (61, 'فاحصي النظر', '%d9%81%d8%a7%d8%ad%d8%b5%d9%8a-%d8%a7%d9%84%d9%86%d8%b8%d8%b1', 0), (62, 'رعاية عاجلة', '%d8%b1%d8%b9%d8%a7%d9%8a%d8%a9-%d8%b9%d8%a7%d8%ac%d9%84%d8%a9', 0), (63, 'وقوف السيارات في الشارع', '%d8%a7%d9%84%d8%b4%d8%a7%d8%b1%d8%b9-%d9%88%d9%82%d9%88%d9%81-%d8%a7%d9%84%d8%b5%d8%ad%d8%a9-%d8%a7%d9%84%d8%b7%d8%a8%d9%8a%d8%a9', 0), (64, 'المنتجعات', '%d8%a7%d9%84%d9%85%d9%86%d8%aa%d8%ac%d8%b9%d8%a7%d8%aa', 0), (65, 'تاجير سيارة', '%d8%aa%d8%a7%d8%ac%d9%8a%d8%b1-%d8%b3%d9%8a%d8%a7%d8%b1%d8%a9', 0), (66, 'مطارات', '%d9%85%d8%b7%d8%a7%d8%b1%d8%a7%d8%aa', 0), (67, 'سرير و فطور', '%d8%b3%d8%b1%d9%8a%d8%b1-%d9%88-%d9%81%d8%b7%d9%88%d8%b1', 0), (68, 'مسموح التدخين', '%d9%85%d8%b3%d9%85%d9%88%d8%ad-%d8%a7%d9%84%d8%aa%d8%af%d8%ae%d9%8a%d9%86', 0), (69, 'الحيوانات الأليفة ودية', '%d8%b5%d8%af%d9%8a%d9%82%d8%a9-%d8%a7%d9%84%d8%ad%d9%8a%d9%88%d8%a7%d9%86%d8%a7%d8%aa-%d8%a7%d9%84%d8%a3%d9%84%d9%8a%d9%81%d8%a9%d8%8c-%d9%81%d9%86%d8%a7%d8%af%d9%82', 0), (70, 'انترنت لاسلكي', '%d8%a7%d9%84%d9%84%d8%a7%d8%b3%d9%84%d9%83%d9%8a-%d8%a8%d8%a7%d9%84%d8%a5%d9%86%d8%aa%d8%b1%d9%86%d8%aa-%d8%a7%d9%84%d9%81%d9%86%d8%a7%d8%af%d9%82', 0), (71, 'وقوف السيارات في الشارع', '%d8%b4%d8%a7%d8%b1%d8%b9-%d9%85%d9%88%d8%a7%d9%82%d9%81-%d9%84%d9%84%d8%b3%d9%8a%d8%a7%d8%b1%d8%a7%d8%aa-%d9%81%d9%86%d8%a7%d8%af%d9%82', 0), (73, 'Apartments', 'apartments', 0), (74, 'الوحدات السكنية', '%d8%a7%d9%84%d9%88%d8%ad%d8%af%d8%a7%d8%aa-%d8%a7%d9%84%d8%b3%d9%83%d9%86%d9%8a%d8%a9', 0), (75, 'وكلاء عقارات', '%d9%88%d9%83%d9%84%d8%a7%d8%a1-%d8%b9%d9%82%d8%a7%d8%b1%d8%a7%d8%aa', 0), (76, 'إسكان الجامعة', '%d8%a5%d8%b3%d9%83%d8%a7%d9%86-%d8%a7%d9%84%d8%ac%d8%a7%d9%85%d8%b9%d8%a9', 0), (77, 'مساحات المكتب المشتركة', '%d9%85%d8%b3%d8%a7%d8%ad%d8%a7%d8%aa-%d8%a7%d9%84%d9%85%d9%83%d8%aa%d8%a8-%d8%a7%d9%84%d9%85%d8%b4%d8%aa%d8%b1%d9%83%d8%a9', 0), (78, 'وقوف السيارات الدراجة', '%d9%88%d9%82%d9%88%d9%81-%d8%a7%d9%84%d8%b3%d9%8a%d8%a7%d8%b1%d8%a7%d8%aa-%d8%a7%d9%84%d8%af%d8%b1%d8%a7%d8%ac%d8%a9', 0), (80, 'مسموح التدخين', '%d9%8a%d8%b3%d9%85%d8%ad-%d8%a7%d9%84%d8%aa%d8%af%d8%ae%d9%8a%d9%86-%d9%85%d8%b7%d8%b9%d9%85', 0), (81, 'خاص', '%d8%ae%d8%a7%d8%b5-restaurant', 0), (82, 'الحيوانات الأليفة ودية', '%d8%a7%d9%84%d8%b5%d8%af%d9%8a%d9%82%d8%a9-%d9%84%d9%84%d8%ad%d9%8a%d9%88%d8%a7%d9%86%d8%a7%d8%aa-%d8%a7%d9%84%d8%a7%d9%84%d9%8a%d9%81%d8%a9-%d9%85%d8%b7%d8%b9%d9%85', 0), (83, 'انترنت لاسلكي', '%d8%a7%d9%86%d8%aa%d8%b1%d9%86%d8%aa-%d9%84%d8%a7%d8%b3%d9%84%d9%83%d9%8a', 0), (84, 'وقوف السيارات في الشارع', '%d9%88%d9%82%d9%88%d9%81-%d8%a7%d9%84%d8%b3%d9%8a%d8%a7%d8%b1%d8%a7%d8%aa-%d9%81%d9%8a-%d8%a7%d9%84%d8%b4%d8%a7%d8%b1%d8%b9-restaurant', 0), (85, 'يقبل بطاقات', '%d8%a8%d8%b7%d8%a7%d9%82%d8%a7%d8%aa-%d9%85%d8%b7%d8%b9%d9%85', 0), (86, 'الكهرباء', '%d8%a7%d9%84%d9%83%d9%87%d8%b1%d8%a8%d8%a7%d8%a1', 0), (87, 'سجاد', '%d8%b3%d8%ac%d8%a7%d8%af', 0), (88, 'أرضية', '%d8%a3%d8%b1%d8%b6%d9%8a%d8%a9', 0), (89, 'تنظيف المنزل', '%d8%aa%d9%86%d8%b8%d9%8a%d9%81-%d8%a7%d9%84%d9%85%d9%86%d8%b2%d9%84', 0), (90, 'الرسامين', '%d8%a7%d9%84%d8%b1%d8%b3%d8%a7%d9%85%d9%8a%d9%86', 0), (91, 'النجارين', '%d8%a7%d9%84%d9%86%d8%ac%d8%a7%d8%b1%d9%8a%d9%86', 0), (92, 'المحامين', '%d8%a7%d9%84%d9%85%d8%ad%d8%a7%d9%85%d9%8a%d9%86', 0), (93, 'البنوك والاتحادات الائتمانية', '%d8%a7%d9%84%d8%a8%d9%86%d9%88%d9%83-%d9%88%d8%a7%d9%84%d8%a7%d8%aa%d8%ad%d8%a7%d8%af%d8%a7%d8%aa-%d8%a7%d9%84%d8%a7%d8%a6%d8%aa%d9%85%d8%a7%d9%86%d9%8a%d8%a9', 0), (94, 'تمويل الأعمال', '%d8%aa%d9%85%d9%88%d9%8a%d9%84-%d8%a7%d9%84%d8%a3%d8%b9%d9%85%d8%a7%d9%84', 0), (95, 'تحويل العملات', '%d8%aa%d8%ad%d9%88%d9%8a%d9%84-%d8%a7%d9%84%d8%b9%d9%85%d9%84%d8%a7%d8%aa', 0), (96, 'الخدمات الضريبية', '%d8%a7%d9%84%d8%ae%d8%af%d9%85%d8%a7%d8%aa-%d8%a7%d9%84%d8%b6%d8%b1%d9%8a%d8%a8%d9%8a%d8%a9', 0), (97, 'كاتب الحسابات', '%d9%83%d8%a7%d8%aa%d8%a8-%d8%a7%d9%84%d8%ad%d8%b3%d8%a7%d8%a8%d8%a7%d8%aa', 0), (98, 'تسويق', '%d8%aa%d8%b3%d9%88%d9%8a%d9%82', 0), (99, 'إعلان', '%d8%a5%d8%b9%d9%84%d8%a7%d9%86', 0), (100, 'المحاسبين', '%d8%a7%d9%84%d9%85%d8%ad%d8%a7%d8%b3%d8%a8%d9%8a%d9%86', 0), (101, 'إلكترونيات', '%d8%a5%d9%84%d9%83%d8%aa%d8%b1%d9%88%d9%86%d9%8a%d8%a7%d8%aa', 0), (102, 'بضائع رياضيه', '%d8%a8%d8%b6%d8%a7%d8%a6%d8%b9-%d8%b1%d9%8a%d8%a7%d8%b6%d9%8a%d9%87', 0), (103, 'كتب', '%d9%83%d8%aa%d8%a8', 0), (104, 'أكواب', '%d8%a3%d9%83%d9%88%d8%a7%d8%a8', 0), (105, 'المنزل والحديقة', '%d8%a7%d9%84%d9%85%d9%86%d8%b2%d9%84-%d9%88%d8%a7%d9%84%d8%ad%d8%af%d9%8a%d9%82%d8%a9', 0), (106, 'ملابس رجالية', '%d9%85%d9%84%d8%a7%d8%a8%d8%b3-%d8%b1%d8%ac%d8%a7%d9%84%d9%8a%d8%a9', 0), (107, 'موسيقى', '%d9%85%d9%88%d8%b3%d9%8a%d9%82%d9%89', 0), (108, 'مجوهرات', '%d9%85%d8%ac%d9%88%d9%87%d8%b1%d8%a7%d8%aa', 0), (109, 'ملابس النساء', '%d9%85%d9%84%d8%a7%d8%a8%d8%b3-%d8%a7%d9%84%d9%86%d8%b3%d8%a7%d8%a1', 0), (110, 'موضه', '%d9%85%d9%88%d8%b6%d9%87', 0), (111, 'توصيل منزلي', '%d8%aa%d9%88%d8%b5%d9%8a%d9%84-%d9%85%d9%86%d8%b2%d9%84%d9%8a', 0), (112, 'مستلزمات', '%d9%85%d8%b3%d8%aa%d9%84%d8%b2%d9%85%d8%a7%d8%aa', 0), (115, 'الولايات المتحدة', '%d8%a7%d9%84%d9%88%d9%84%d8%a7%d9%8a%d8%a7%d8%aa-%d8%a7%d9%84%d9%85%d8%aa%d8%ad%d8%af%d8%a9', 0), (116, 'ألاباما', '%d8%a3%d9%84%d8%a7%d8%a8%d8%a7%d9%85%d8%a7', 0), (117, 'أنيستون', '%d8%a3%d9%86%d9%8a%d8%b3%d8%aa%d9%88%d9%86', 0), (118, 'شيروكي', '%d8%b4%d9%8a%d8%b1%d9%88%d9%83%d9%8a', 0), (119, 'ديموبوليس', '%d8%af%d9%8a%d9%85%d9%88%d8%a8%d9%88%d9%84%d9%8a%d8%b3', 0), (120, 'مغامرة', '%d9%85%d8%ba%d8%a7%d9%85%d8%b1%d8%a9', 0), (121, 'فونيكس سيتي', '%d9%81%d9%88%d9%86%d9%8a%d9%83%d8%b3-%d8%b3%d9%8a%d8%aa%d9%8a', 0), (122, 'Sheffield', 'sheffield', 0), (123, 'أريزونا', '%d8%a3%d8%b1%d9%8a%d8%b2%d9%88%d9%86%d8%a7', 0), (124, 'اريدو', '%d8%a7%d8%b1%d9%8a%d8%af%d9%88', 0), (125, 'بيسبي', '%d8%a8%d9%8a%d8%b3%d8%a8%d9%8a', 0), (126, 'البيت الكبير', '%d8%a7%d9%84%d8%a8%d9%8a%d8%aa-%d8%a7%d9%84%d9%83%d8%a8%d9%8a%d8%b1', 0), (127, 'رجل ملك', '%d8%b1%d8%ac%d9%84-%d9%85%d9%84%d9%83', 0), (128, 'مدينة ليك هافاسو', '%d9%85%d8%af%d9%8a%d9%86%d8%a9-%d9%84%d9%8a%d9%83-%d9%87%d8%a7%d9%81%d8%a7%d8%b3%d9%88', 0), (129, 'أركنساس', '%d8%a3%d8%b1%d9%83%d9%86%d8%b3%d8%a7%d8%b3', 0), (130, 'صخرة صغيرة', '%d8%b5%d8%ae%d8%b1%d8%a9-%d8%b5%d8%ba%d9%8a%d8%b1%d8%a9', 0), (131, 'باين بلاف', '%d8%a8%d8%a7%d9%8a%d9%86-%d8%a8%d9%84%d8%a7%d9%81', 0), (132, 'الينابيع الساخنة', '%d8%a7%d9%84%d9%8a%d9%86%d8%a7%d8%a8%d9%8a%d8%b9-%d8%a7%d9%84%d8%b3%d8%a7%d8%ae%d9%86%d8%a9', 0), (133, 'باكستان', '%d8%a8%d8%a7%d9%83%d8%b3%d8%aa%d8%a7%d9%86', 0), (134, 'البنجاب', '%d8%a7%d9%84%d8%a8%d9%86%d8%ac%d8%a7%d8%a8', 0), (135, 'السند', '%d8%a7%d9%84%d8%b3%d9%86%d8%af', 0), (136, 'بلوشستان', '%d8%a8%d9%84%d9%88%d8%b4%d8%b3%d8%aa%d8%a7%d9%86', 0), (137, 'خيبر باختونخوا', '%d8%ae%d9%8a%d8%a8%d8%b1-%d8%a8%d8%a7%d8%ae%d8%aa%d9%88%d9%86%d8%ae%d9%88%d8%a7', 0), (138, 'لاهور', '%d9%84%d8%a7%d9%87%d9%88%d8%b1', 0), (139, 'نموذج تاون لينك الطريق', '%d9%86%d9%85%d9%88%d8%b0%d8%ac-%d8%aa%d8%a7%d9%88%d9%86-%d9%84%d9%8a%d9%86%d9%83-%d8%a7%d9%84%d8%b7%d8%b1%d9%8a%d9%82', 0), (140, 'بيشاور', '%d8%a8%d9%8a%d8%b4%d8%a7%d9%88%d8%b1', 0), (141, 'Abazai', 'abazai', 0), (142, 'كراتشي', '%d9%83%d8%b1%d8%a7%d8%aa%d8%b4%d9%8a', 0), (143, 'غولبرغ تاون', '%d8%ba%d9%88%d9%84%d8%a8%d8%b1%d8%ba-%d8%aa%d8%a7%d9%88%d9%86', 0), (144, 'كويتا', '%d9%83%d9%88%d9%8a%d8%aa%d8%a7', 0), (145, 'مدينة عابد', '%d9%85%d8%af%d9%8a%d9%86%d8%a9-%d8%b9%d8%a7%d8%a8%d8%af', 0), (146, 'رخيص', '%d8%b1%d8%ae%d9%8a%d8%b5', 0), (147, 'اقتصادي', '%d8%a7%d9%82%d8%aa%d8%b5%d8%a7%d8%af%d9%8a', 0), (148, 'مكلفة', '%d9%85%d9%83%d9%84%d9%81%d8%a9', 0), (149, 'باهظة الثمن جدا', '%d8%a8%d8%a7%d9%87%d8%b8%d8%a9-%d8%a7%d9%84%d8%ab%d9%85%d9%86-%d8%ac%d8%af%d8%a7', 0), (150, '€', 'e', 0), (151, '£', '151', 0), (152, '$', '152', 0), (153, '¢', '%c2%a2', 0), (154, 'فندق بيتزا', '%d9%81%d9%86%d8%af%d9%82-%d8%a8%d9%8a%d8%aa%d8%b2%d8%a7', 0), (155, 'شريط', '%d8%b4%d8%b1%d9%8a%d8%b7', 0), (156, 'طيب المذاق', '%d8%b7%d9%8a%d8%a8-%d8%a7%d9%84%d9%85%d8%b0%d8%a7%d9%82', 0), (157, 'طعام', '%d8%b7%d8%b9%d8%a7%d9%85', 0), (158, 'بيتزا', '%d8%a8%d9%8a%d8%aa%d8%b2%d8%a7', 0), (159, 'برغر', '%d8%a8%d8%b1%d8%ba%d8%b1', 0), (160, 'حار', '%d8%ad%d8%a7%d8%b1', 0), (161, 'بروست', '%d8%a8%d8%b1%d9%88%d8%b3%d8%aa', 0), (162, 'مقدد', '%d9%85%d9%82%d8%af%d8%af', 0), (163, 'سبيسي', '%d8%b3%d8%a8%d9%8a%d8%b3%d9%8a', 0), (167, 'العقارات', '%d8%a7%d9%84%d8%b9%d9%82%d8%a7%d8%b1%d8%a7%d8%aa', 0), (168, 'استثمار', '%d8%a7%d8%b3%d8%aa%d8%ab%d9%85%d8%a7%d8%b1', 0), (169, 'منازل', '%d9%85%d9%86%d8%a7%d8%b2%d9%84', 0), (170, 'شقق سكنية', '%d8%b4%d9%82%d9%82-%d8%b3%d9%83%d9%86%d9%8a%d8%a9', 0), (171, 'الإدارات', '%d8%a7%d9%84%d8%a5%d8%af%d8%a7%d8%b1%d8%a7%d8%aa', 0), (172, 'يوم سبا', '%d9%8a%d9%88%d9%85-%d8%b3%d8%a8%d8%a7', 0), (173, 'العناية بالبشرة', '%d8%a7%d9%84%d8%b9%d9%86%d8%a7%d9%8a%d8%a9-%d8%a8%d8%a7%d9%84%d8%a8%d8%b4%d8%b1%d8%a9', 0), (174, 'دباغة صالونات', '%d8%af%d8%a8%d8%a7%d8%ba%d8%a9-%d8%b5%d8%a7%d9%84%d9%88%d9%86%d8%a7%d8%aa', 0), (175, 'صالونات الأظافر', '%d8%b5%d8%a7%d9%84%d9%88%d9%86%d8%a7%d8%aa-%d8%a7%d9%84%d8%a3%d8%b8%d8%a7%d9%81%d8%b1', 0), (176, 'تعليمات اليوغا', '%d8%aa%d8%b9%d9%84%d9%8a%d9%85%d8%a7%d8%aa-%d8%a7%d9%84%d9%8a%d9%88%d8%ba%d8%a7', 0), (177, 'صالونات التجميل', '%d8%b5%d8%a7%d9%84%d9%88%d9%86%d8%a7%d8%aa-%d8%a7%d9%84%d8%aa%d8%ac%d9%85%d9%8a%d9%84', 0), (178, 'خدمات التدليك', '%d8%ae%d8%af%d9%85%d8%a7%d8%aa-%d8%a7%d9%84%d8%aa%d8%af%d9%84%d9%8a%d9%83', 0), (179, 'معالج التدليك', '%d9%85%d8%b9%d8%a7%d9%84%d8%ac-%d8%a7%d9%84%d8%aa%d8%af%d9%84%d9%8a%d9%83', 0), (180, 'العلاج بالإبر', '%d8%a7%d9%84%d8%b9%d9%84%d8%a7%d8%ac-%d8%a8%d8%a7%d9%84%d8%a5%d8%a8%d8%b1', 0), (181, 'ماكياج الفنانين', '%d9%85%d8%a7%d9%83%d9%8a%d8%a7%d8%ac-%d8%a7%d9%84%d9%81%d9%86%d8%a7%d9%86%d9%8a%d9%86', 0), (182, 'ماكياج دائم', '%d9%85%d8%a7%d9%83%d9%8a%d8%a7%d8%ac-%d8%af%d8%a7%d8%a6%d9%85', 0), (183, 'مصففي الشعر', '%d9%85%d8%b5%d9%81%d9%81%d9%8a-%d8%a7%d9%84%d8%b4%d8%b9%d8%b1', 0), (184, 'صالونات التفاف الجسم', '%d8%b5%d8%a7%d9%84%d9%88%d9%86%d8%a7%d8%aa-%d8%a7%d9%84%d8%aa%d9%81%d8%a7%d9%81-%d8%a7%d9%84%d8%ac%d8%b3%d9%85', 0), (185, 'مستحضرات التجميل', '%d9%85%d8%b3%d8%aa%d8%ad%d8%b6%d8%b1%d8%a7%d8%aa-%d8%a7%d9%84%d8%aa%d8%ac%d9%85%d9%8a%d9%84', 0), (186, 'مزيل شعر', '%d9%85%d8%b2%d9%8a%d9%84-%d8%b4%d8%b9%d8%b1', 0), (187, 'تصليح السيارات والخدمات', '%d8%aa%d8%b5%d9%84%d9%8a%d8%ad-%d8%a7%d9%84%d8%b3%d9%8a%d8%a7%d8%b1%d8%a7%d8%aa-%d9%88%d8%a7%d9%84%d8%ae%d8%af%d9%85%d8%a7%d8%aa', 0), (188, 'قطع غيار السيارات ومستلزماتها', '%d9%82%d8%b7%d8%b9-%d8%ba%d9%8a%d8%a7%d8%b1-%d8%a7%d9%84%d8%b3%d9%8a%d8%a7%d8%b1%d8%a7%d8%aa-%d9%88%d9%85%d8%b3%d8%aa%d9%84%d8%b2%d9%85%d8%a7%d8%aa%d9%87%d8%a7', 0), (189, 'إصلاح الفرامل', '%d8%a5%d8%b5%d9%84%d8%a7%d8%ad-%d8%a7%d9%84%d9%81%d8%b1%d8%a7%d9%85%d9%84', 0), (190, 'زيوت السيارات والزيوت', '%d8%b2%d9%8a%d9%88%d8%aa-%d8%a7%d9%84%d8%b3%d9%8a%d8%a7%d8%b1%d8%a7%d8%aa-%d9%88%d8%a7%d9%84%d8%b2%d9%8a%d9%88%d8%aa', 0), (191, 'السيارات تكييف الهواء معدات الخدمة وإصلاح', '%d8%a7%d9%84%d8%b3%d9%8a%d8%a7%d8%b1%d8%a7%d8%aa-%d8%aa%d9%83%d9%8a%d9%8a%d9%81-%d8%a7%d9%84%d9%87%d9%88%d8%a7%d8%a1-%d9%85%d8%b9%d8%af%d8%a7%d8%aa-%d8%a7%d9%84%d8%ae%d8%af%d9%85%d8%a9-%d9%88%d8%a5', 0), (192, 'تجار الاطارات', '%d8%aa%d8%ac%d8%a7%d8%b1-%d8%a7%d9%84%d8%a7%d8%b7%d8%a7%d8%b1%d8%a7%d8%aa', 0), (193, 'خدمة السيارات الكهربائية', '%d8%ae%d8%af%d9%85%d8%a9-%d8%a7%d9%84%d8%b3%d9%8a%d8%a7%d8%b1%d8%a7%d8%aa-%d8%a7%d9%84%d9%83%d9%87%d8%b1%d8%a8%d8%a7%d8%a6%d9%8a%d8%a9', 0), (194, 'صور الاطارات', '%d8%b5%d9%88%d8%b1-%d8%a7%d9%84%d8%a7%d8%b7%d8%a7%d8%b1%d8%a7%d8%aa', 0), (195, 'تجديد وتصليح', '%d8%aa%d8%ac%d8%af%d9%8a%d8%af-%d9%88%d8%aa%d8%b5%d9%84%d9%8a%d8%ad', 0), (196, 'محاذاة العجلات والموازنة', '%d9%85%d8%ad%d8%a7%d8%b0%d8%a7%d8%a9-%d8%a7%d9%84%d8%b9%d8%ac%d9%84%d8%a7%d8%aa-%d9%88%d8%a7%d9%84%d9%85%d9%88%d8%a7%d8%b2%d9%86%d8%a9', 0), (197, 'الخمارات وأنظمة العادم', '%d8%a7%d9%84%d8%ae%d9%85%d8%a7%d8%b1%d8%a7%d8%aa-%d9%88%d8%a3%d9%86%d8%b8%d9%85%d8%a9-%d8%a7%d9%84%d8%b9%d8%a7%d8%af%d9%85', 0), (198, 'محاذاة العجلات والإطار والمحور خدمة السيارات', '%d9%85%d8%ad%d8%a7%d8%b0%d8%a7%d8%a9-%d8%a7%d9%84%d8%b9%d8%ac%d9%84%d8%a7%d8%aa-%d9%88%d8%a7%d9%84%d8%a5%d8%b7%d8%a7%d8%b1-%d9%88%d8%a7%d9%84%d9%85%d8%ad%d9%88%d8%b1-%d8%ae%d8%af%d9%85%d8%a9-%d8%a7', 0), (199, 'محطات فحص الانبعاثات', '%d9%85%d8%ad%d8%b7%d8%a7%d8%aa-%d9%81%d8%ad%d8%b5-%d8%a7%d9%84%d8%a7%d9%86%d8%a8%d8%b9%d8%a7%d8%ab%d8%a7%d8%aa', 0), (200, 'السيارات والمعدات الكهربائية', '%d8%a7%d9%84%d8%b3%d9%8a%d8%a7%d8%b1%d8%a7%d8%aa-%d9%88%d8%a7%d9%84%d9%85%d8%b9%d8%af%d8%a7%d8%aa-%d8%a7%d9%84%d9%83%d9%87%d8%b1%d8%a8%d8%a7%d8%a6%d9%8a%d8%a9', 0), (201, 'محلات التخفيضات', '%d9%85%d8%ad%d9%84%d8%a7%d8%aa-%d8%a7%d9%84%d8%aa%d8%ae%d9%81%d9%8a%d8%b6%d8%a7%d8%aa', 0), (202, 'محلات الملابس', '%d9%85%d8%ad%d9%84%d8%a7%d8%aa-%d8%a7%d9%84%d9%85%d9%84%d8%a7%d8%a8%d8%b3', 0), (203, 'مخازن المخرج', '%d9%85%d8%ae%d8%a7%d8%b2%d9%86-%d8%a7%d9%84%d9%85%d8%ae%d8%b1%d8%ac', 0), (204, 'ملابس رجالية تجار الجملة والشركات المصنعة', '%d9%85%d9%84%d8%a7%d8%a8%d8%b3-%d8%b1%d8%ac%d8%a7%d9%84%d9%8a%d8%a9-%d8%aa%d8%ac%d8%a7%d8%b1-%d8%a7%d9%84%d8%ac%d9%85%d9%84%d8%a9-%d9%88%d8%a7%d9%84%d8%b4%d8%b1%d9%83%d8%a7%d8%aa-%d8%a7%d9%84%d9%85', 0), (205, 'ملابس نسائية تجار الجملة والمصنعين', '%d9%85%d9%84%d8%a7%d8%a8%d8%b3-%d9%86%d8%b3%d8%a7%d8%a6%d9%8a%d8%a9-%d8%aa%d8%ac%d8%a7%d8%b1-%d8%a7%d9%84%d8%ac%d9%85%d9%84%d8%a9-%d9%88%d8%a7%d9%84%d9%85%d8%b5%d9%86%d8%b9%d9%8a%d9%86', 0), (206, 'المعارض الفنية', '%d8%a7%d9%84%d9%85%d8%b9%d8%a7%d8%b1%d8%b6-%d8%a7%d9%84%d9%81%d9%86%d9%8a%d8%a9', 0), (207, 'تجار والاستشاريين', '%d8%aa%d8%ac%d8%a7%d8%b1-%d9%88%d8%a7%d9%84%d8%a7%d8%b3%d8%aa%d8%b4%d8%a7%d8%b1%d9%8a%d9%8a%d9%86', 0), (208, 'الفنون الجميلة الفنانين', '%d8%a7%d9%84%d9%81%d9%86%d9%88%d9%86-%d8%a7%d9%84%d8%ac%d9%85%d9%8a%d9%84%d8%a9-%d8%a7%d9%84%d9%81%d9%86%d8%a7%d9%86%d9%8a%d9%86', 0), (209, 'طبي', '%d8%b7%d8%a8%d9%8a', 0), (210, 'علاج بدني', '%d8%b9%d9%84%d8%a7%d8%ac-%d8%a8%d8%af%d9%86%d9%8a', 0), (211, 'العلاج بتقويم العمود الفقري', '%d8%a7%d9%84%d8%b9%d9%84%d8%a7%d8%ac-%d8%a8%d8%aa%d9%82%d9%88%d9%8a%d9%85-%d8%a7%d9%84%d8%b9%d9%85%d9%88%d8%af-%d8%a7%d9%84%d9%81%d9%82%d8%b1%d9%8a', 0), (212, 'التلاعب تحت التخدير', '%d8%a7%d9%84%d8%aa%d9%84%d8%a7%d8%b9%d8%a8-%d8%aa%d8%ad%d8%aa-%d8%a7%d9%84%d8%aa%d8%ae%d8%af%d9%8a%d8%b1', 0), (213, 'الاختبارات التشخيصية', '%d8%a7%d9%84%d8%a7%d8%ae%d8%aa%d8%a8%d8%a7%d8%b1%d8%a7%d8%aa-%d8%a7%d9%84%d8%aa%d8%b4%d8%ae%d9%8a%d8%b5%d9%8a%d8%a9', 0), (214, 'اختبارات السمع', '%d8%a7%d8%ae%d8%aa%d8%a8%d8%a7%d8%b1%d8%a7%d8%aa-%d8%a7%d9%84%d8%b3%d9%85%d8%b9', 0), (215, 'مساعدات للسمع', '%d9%85%d8%b3%d8%a7%d8%b9%d8%af%d8%a7%d8%aa-%d9%84%d9%84%d8%b3%d9%85%d8%b9', 0), (216, 'السمع وإعادة التأهيل الطنين', '%d8%a7%d9%84%d8%b3%d9%85%d8%b9-%d9%88%d8%a5%d8%b9%d8%a7%d8%af%d8%a9-%d8%a7%d9%84%d8%aa%d8%a3%d9%87%d9%8a%d9%84-%d8%a7%d9%84%d8%b7%d9%86%d9%8a%d9%86', 0), (217, 'شاشات موسيقي مخصصة وسماعات السمع والوقاية السمعية', '%d8%b4%d8%a7%d8%b4%d8%a7%d8%aa-%d9%85%d9%88%d8%b3%d9%8a%d9%82%d9%8a-%d9%85%d8%ae%d8%b5%d8%b5%d8%a9-%d9%88%d8%b3%d9%85%d8%a7%d8%b9%d8%a7%d8%aa-%d8%a7%d9%84%d8%b3%d9%85%d8%b9-%d9%88%d8%a7%d9%84%d9%88', 0), (218, 'أجهزة الاستماع المساعدة', '%d8%a3%d8%ac%d9%87%d8%b2%d8%a9-%d8%a7%d9%84%d8%a7%d8%b3%d8%aa%d9%85%d8%a7%d8%b9-%d8%a7%d9%84%d9%85%d8%b3%d8%a7%d8%b9%d8%af%d8%a9', 0), (219, 'لذيذ', '%d9%84%d8%b0%d9%8a%d8%b0', 0), (220, 'جودة', '%d8%ac%d9%88%d8%af%d8%a9', 0), (221, 'النوادي الصحية', '%d8%a7%d9%84%d9%86%d9%88%d8%a7%d8%af%d9%8a-%d8%a7%d9%84%d8%b5%d8%ad%d9%8a%d8%a9', 0), (222, 'برامج التمارين واللياقة البدنية', '%d8%a8%d8%b1%d8%a7%d9%85%d8%ac-%d8%a7%d9%84%d8%aa%d9%85%d8%a7%d8%b1%d9%8a%d9%86-%d9%88%d8%a7%d9%84%d9%84%d9%8a%d8%a7%d9%82%d8%a9-%d8%a7%d9%84%d8%a8%d8%af%d9%86%d9%8a%d8%a9', 0), (223, 'جمباز', '%d8%ac%d9%85%d8%a8%d8%a7%d8%b2', 0), (224, 'استشاريي اللياقة البدنية والمدربين', '%d8%a7%d8%b3%d8%aa%d8%b4%d8%a7%d8%b1%d9%8a%d9%8a-%d8%a7%d9%84%d9%84%d9%8a%d8%a7%d9%82%d8%a9-%d8%a7%d9%84%d8%a8%d8%af%d9%86%d9%8a%d8%a9-%d9%88%d8%a7%d9%84%d9%85%d8%af%d8%b1%d8%a8%d9%8a%d9%86', 0), (225, 'المدربين اللياقة الشخصية', '%d8%a7%d9%84%d9%85%d8%af%d8%b1%d8%a8%d9%8a%d9%86-%d8%a7%d9%84%d9%84%d9%8a%d8%a7%d9%82%d8%a9-%d8%a7%d9%84%d8%b4%d8%ae%d8%b5%d9%8a%d8%a9', 0), (226, 'الفنادق', '%d8%a7%d9%84%d9%81%d9%86%d8%a7%d8%af%d9%82', 0), (227, 'إقامة', '%d8%a5%d9%82%d8%a7%d9%85%d8%a9', 0), (228, 'إقامة الشركات', '%d8%a5%d9%82%d8%a7%d9%85%d8%a9-%d8%a7%d9%84%d8%b4%d8%b1%d9%83%d8%a7%d8%aa', 0), (229, 'مستهلكى الكترونيات', '%d9%85%d8%b3%d8%aa%d9%87%d9%84%d9%83%d9%89-%d8%a7%d9%84%d9%83%d8%aa%d8%b1%d9%88%d9%86%d9%8a%d8%a7%d8%aa', 0), (230, 'البضائع العامة', '%d8%a7%d9%84%d8%a8%d8%b6%d8%a7%d8%a6%d8%b9-%d8%a7%d9%84%d8%b9%d8%a7%d9%85%d8%a9', 0), (231, 'متاجر متنوعة', '%d9%85%d8%aa%d8%a7%d8%ac%d8%b1-%d9%85%d8%aa%d9%86%d9%88%d8%b9%d8%a9', 0), (232, 'نسج الشعر', '%d9%86%d8%b3%d8%ac-%d8%a7%d9%84%d8%b4%d8%b9%d8%b1', 0), (233, 'تجديل الشعر', '%d8%aa%d8%ac%d8%af%d9%8a%d9%84-%d8%a7%d9%84%d8%b4%d8%b9%d8%b1', 0), (234, 'وكالات الترفيه والمكاتب', '%d9%88%d9%83%d8%a7%d9%84%d8%a7%d8%aa-%d8%a7%d9%84%d8%aa%d8%b1%d9%81%d9%8a%d9%87-%d9%88%d8%a7%d9%84%d9%85%d9%83%d8%a7%d8%aa%d8%a8', 0), (235, 'الأسرة والأعمال التجارية الفنانين', '%d8%a7%d9%84%d8%a3%d8%b3%d8%b1%d8%a9-%d9%88%d8%a7%d9%84%d8%a3%d8%b9%d9%85%d8%a7%d9%84-%d8%a7%d9%84%d8%aa%d8%ac%d8%a7%d8%b1%d9%8a%d8%a9-%d8%a7%d9%84%d9%81%d9%86%d8%a7%d9%86%d9%8a%d9%86', 0), (236, 'مطاعم يابانية', '%d9%85%d8%b7%d8%a7%d8%b9%d9%85-%d9%8a%d8%a7%d8%a8%d8%a7%d9%86%d9%8a%d8%a9', 0), (237, 'مطاعم العائلة', '%d9%85%d8%b7%d8%a7%d8%b9%d9%85-%d8%a7%d9%84%d8%b9%d8%a7%d8%a6%d9%84%d8%a9', 0), (238, 'مطاعم آسيوية', '%d9%85%d8%b7%d8%a7%d8%b9%d9%85-%d8%a2%d8%b3%d9%8a%d9%88%d9%8a%d8%a9', 0), (239, 'بارات السوشي', '%d8%a8%d8%a7%d8%b1%d8%a7%d8%aa-%d8%a7%d9%84%d8%b3%d9%88%d8%b4%d9%8a', 0), (240, 'مطاعم', '%d9%85%d8%b7%d8%a7%d8%b9%d9%85', 0), (241, 'إصلاح هياكل السيارات والطلاء', '%d8%a5%d8%b5%d9%84%d8%a7%d8%ad-%d9%87%d9%8a%d8%a7%d9%83%d9%84-%d8%a7%d9%84%d8%b3%d9%8a%d8%a7%d8%b1%d8%a7%d8%aa-%d9%88%d8%a7%d9%84%d8%b7%d9%84%d8%a7%d8%a1', 0), (242, 'تخصيص السيارات', '%d8%aa%d8%ae%d8%b5%d9%8a%d8%b5-%d8%a7%d9%84%d8%b3%d9%8a%d8%a7%d8%b1%d8%a7%d8%aa', 0), (243, 'السيارات لحن الخدمة', '%d8%a7%d9%84%d8%b3%d9%8a%d8%a7%d8%b1%d8%a7%d8%aa-%d9%84%d8%ad%d9%86-%d8%a7%d9%84%d8%ae%d8%af%d9%85%d8%a9', 0), (244, 'downtown_pkgs', 'downtown_pkgs', 0), (245, 'Blue', 'blue', 0), (246, 'Green', 'green', 0), (247, 'Large', 'large', 0), (248, 'Medium', 'medium', 0), (249, 'Red', 'red', 0), (250, 'Small', 'small', 0), (251, 'بلايز', '%d8%a8%d9%84%d8%a7%d9%8a%d8%b2', 0), (252, 'هوديس', '%d9%87%d9%88%d8%af%d9%8a%d8%b3', 0), (253, 'Gray', 'gray', 0), (254, 'مستلزمات', '%d9%85%d8%b3%d8%aa%d9%84%d8%b2%d9%85%d8%a7%d8%aa', 0), (255, 'Yellow', 'yellow', 0), (256, 'موسيقى', '%d9%85%d9%88%d8%b3%d9%8a%d9%82%d9%89', 0), (257, 'ملابس', '%d9%85%d9%84%d8%a7%d8%a8%d8%b3', 0), (258, 'ديكور', '%d8%af%d9%8a%d9%83%d9%88%d8%b1', 0), (259, 'بلايز', '%d8%aa%d9%8a-%d8%b4%d9%8a%d8%b1%d8%aa-%d9%88%d8%a7%d9%84%d9%85%d9%84%d8%a7%d8%a8%d8%b3', 0), (260, 'هوديس', '%d9%87%d9%88%d8%af%d9%8a%d8%b3-%d9%88%d8%a7%d9%84%d9%85%d9%84%d8%a7%d8%a8%d8%b3', 0), (261, 'مستلزمات', '%d8%a7%d9%84%d8%a7%d9%83%d8%b3%d8%b3%d9%88%d8%a7%d8%b1%d8%a7%d8%aa-%d9%88%d8%a7%d9%84%d9%85%d9%84%d8%a7%d8%a8%d8%b3', 0), (262, 'مقهى', '%d9%85%d9%82%d9%87%d9%89', 0), (263, 'الفنادق والسفر', '%d8%a7%d9%84%d9%81%d9%86%d8%a7%d8%af%d9%82-%d9%88%d8%a7%d9%84%d8%b3%d9%81%d8%b1', 0), (264, 'الليالي الموسيقية', '%d8%a7%d9%84%d9%84%d9%8a%d8%a7%d9%84%d9%8a-%d8%a7%d9%84%d9%85%d9%88%d8%b3%d9%8a%d9%82%d9%8a%d8%a9', 0), (265, 'النوادي الليلية', '%d8%a7%d9%84%d9%86%d9%88%d8%a7%d8%af%d9%8a-%d8%a7%d9%84%d9%84%d9%8a%d9%84%d9%8a%d8%a9', 0), (266, 'المهرجانات الغذائية', '%d8%a7%d9%84%d9%85%d9%87%d8%b1%d8%ac%d8%a7%d9%86%d8%a7%d8%aa-%d8%a7%d9%84%d8%ba%d8%b0%d8%a7%d8%a6%d9%8a%d8%a9', 0), (267, 'التسوق', '%d8%a7%d9%84%d8%aa%d8%b3%d9%88%d9%82', 0), (268, 'الصحة واللياقة', '%d8%a7%d9%84%d8%b5%d8%ad%d8%a9-%d9%88%d8%a7%d9%84%d9%84%d9%8a%d8%a7%d9%82%d8%a9', 0), (269, 'صالون تجميل', '%d8%b5%d8%a7%d9%84%d9%88%d9%86-%d8%aa%d8%ac%d9%85%d9%8a%d9%84', 0), (270, 'الألعاب', '%d8%a7%d9%84%d8%a3%d9%84%d8%b9%d8%a7%d8%a8', 0), (271, 'أستراليا', '%d8%a3%d8%b3%d8%aa%d8%b1%d8%a7%d9%84%d9%8a%d8%a7', 0), (272, 'فرنسا', '%d9%81%d8%b1%d9%86%d8%b3%d8%a7', 0), (273, 'المملكة المتحدة', '%d8%a7%d9%84%d9%85%d9%85%d9%84%d9%83%d8%a9-%d8%a7%d9%84%d9%85%d8%aa%d8%ad%d8%af%d8%a9', 0), (274, 'إيطاليا', '%d8%a5%d9%8a%d8%b7%d8%a7%d9%84%d9%8a%d8%a7', 0), (275, 'فلوريدا', '%d9%81%d9%84%d9%88%d8%b1%d9%8a%d8%af%d8%a7', 0), (276, 'الأجهزة', '%d8%a7%d9%84%d8%a3%d8%ac%d9%87%d8%b2%d8%a9', 0), (277, 'السفر', '%d8%a7%d9%84%d8%b3%d9%81%d8%b1', 0), (278, 'إلكتروني', '%d8%a5%d9%84%d9%83%d8%aa%d8%b1%d9%88%d9%86%d9%8a', 0), (279, 'مدفع', '%d9%85%d8%af%d9%81%d8%b9', 0), (280, 'الة تصوير', '%d8%a7%d9%84%d8%a9-%d8%aa%d8%b5%d9%88%d9%8a%d8%b1', 0), (281, 'كاميرا رقمية عاكسة أحادية العدسة', '%d9%83%d8%a7%d9%85%d9%8a%d8%b1%d8%a7-%d8%b1%d9%82%d9%85%d9%8a%d8%a9-%d8%b9%d8%a7%d9%83%d8%b3%d8%a9-%d8%a3%d8%ad%d8%a7%d8%af%d9%8a%d8%a9-%d8%a7%d9%84%d8%b9%d8%af%d8%b3%d8%a9', 0), (282, 'علامة', '%d8%b9%d9%84%d8%a7%d9%85%d8%a9', 0), (283, 'قمصان', '%d9%82%d9%85%d8%b5%d8%a7%d9%86', 0), (284, 'بولو', '%d8%a8%d9%88%d9%84%d9%88', 0), (285, 'حزمة', '%d8%ad%d8%b2%d9%85%d8%a9', 0), (286, 'watch', 'watch', 0), (287, 'تفاحة', '%d8%aa%d9%81%d8%a7%d8%ad%d8%a9', 0), (288, 'ساعة ذكية', '%d8%b3%d8%a7%d8%b9%d8%a9-%d8%b0%d9%83%d9%8a%d8%a9', 0), (289, 'دراجة 360 درجة', '%d8%af%d8%b1%d8%a7%d8%ac%d8%a9-360-%d8%af%d8%b1%d8%ac%d8%a9', 0), (290, 'أحذية', '%d8%a3%d8%ad%d8%b0%d9%8a%d8%a9', 0), (292, 'جلد', '%d8%ac%d9%84%d8%af', 0), (293, 'حذاء', '%d8%ad%d8%b0%d8%a7%d8%a1', 0), (294, 'سماعة', '%d8%b3%d9%85%d8%a7%d8%b9%d8%a9', 0), (295, 'بلوتوث', '%d8%a8%d9%84%d9%88%d8%aa%d9%88%d8%ab', 0), (296, 'لاسلكي', '%d9%84%d8%a7%d8%b3%d9%84%d9%83%d9%8a', 0), (297, 'كوارتز', '%d9%83%d9%88%d8%a7%d8%b1%d8%aa%d8%b2', 0), (298, 'عارض', '%d8%b9%d8%a7%d8%b1%d8%b6', 0), (299, 'سامسونج', '%d8%b3%d8%a7%d9%85%d8%b3%d9%88%d9%86%d8%ac', 0), (300, 'المجرة', '%d8%a7%d9%84%d9%85%d8%ac%d8%b1%d8%a9', 0), (301, 's6', 's6', 0), (302, 'ذهب', '%d8%b0%d9%87%d8%a8', 0), (303, 'قلم المدقة', '%d9%82%d9%84%d9%85-%d8%a7%d9%84%d9%85%d8%af%d9%82%d8%a9', 0), (304, 'کلاسک', '%da%a9%d9%84%d8%a7%d8%b3%da%a9', 0), (305, 'محفظة', '%d9%85%d8%ad%d9%81%d8%b8%d8%a9', 0), (306, 'أنيق', '%d8%a3%d9%86%d9%8a%d9%82', 0), (307, 'بلا أكمام', '%d8%a8%d9%84%d8%a7-%d8%a3%d9%83%d9%85%d8%a7%d9%85', 0), (308, 'فستان', '%d9%81%d8%b3%d8%aa%d8%a7%d9%86', 0), (309, 'مطرزة', '%d9%85%d8%b7%d8%b1%d8%b2%d8%a9', 0), (310, 'كوكتيل', '%d9%83%d9%88%d9%83%d8%aa%d9%8a%d9%84', 0), (311, 'عداء', '%d8%b9%d8%af%d8%a7%d8%a1', 0), (312, 'ميريل', '%d9%85%d9%8a%d8%b1%d9%8a%d9%84', 0), (313, 'حاسوب محمول', '%d8%ad%d8%a7%d8%b3%d9%88%d8%a8-%d9%85%d8%ad%d9%85%d9%88%d9%84', 0), (314, 'لينوفو', '%d9%84%d9%8a%d9%86%d9%88%d9%81%d9%88', 0), (315, 'وسادة فكرة', '%d9%88%d8%b3%d8%a7%d8%af%d8%a9-%d9%81%d9%83%d8%b1%d8%a9', 0), (316, 'تي شيرت', '%d8%aa%d9%8a-%d8%b4%d9%8a%d8%b1%d8%aa', 0), (317, 'ملابس رجالي', '%d9%85%d9%84%d8%a7%d8%a8%d8%b3-%d8%b1%d8%ac%d8%a7%d9%84%d9%8a', 0), (318, 'مجموعة الصيف', '%d9%85%d8%ac%d9%85%d9%88%d8%b9%d8%a9-%d8%a7%d9%84%d8%b5%d9%8a%d9%81', 0), (319, 'راقب', '%d8%b1%d8%a7%d9%82%d8%a8', 0), (320, 'https://www.facebook.com/imprimerie.naoui', 'https-www-facebook-com-imprimerie-naoui', 0), (322, 'RTL Menu', 'rtl-menu', 0), (323, 'dwt_listing_pkgs', 'dwt_listing_pkgs', 0);

INSERT INTO `wp_term_relationships` (`object_id`, `term_taxonomy_id`, `term_order`) VALUES (0, 154, 0), (0, 155, 0), (0, 156, 0), (9, 20, 0), (14, 17, 0), (21, 18, 0), (44, 245, 0), (44, 246, 0), (44, 247, 0), (44, 248, 0), (44, 249, 0), (44, 250, 0), (45, 245, 0), (45, 246, 0), (45, 249, 0), (46, 245, 0), (47, 253, 0), (48, 249, 0), (60, 255, 0), (64, 253, 0), (68, 246, 0), (70, 245, 0), (73, 2, 0), (73, 14, 0), (73, 251, 0), (73, 254, 0), (73, 278, 0), (73, 286, 0), (73, 288, 0), (75, 2, 0), (75, 14, 0), (75, 254, 0), (75, 278, 0), (83, 2, 0), (83, 14, 0), (83, 253, 0), (83, 278, 0), (83, 279, 0), (83, 280, 0), (83, 281, 0), (83, 282, 0), (85, 2, 0), (85, 13, 0), (85, 249, 0), (85, 251, 0), (85, 257, 0), (85, 261, 0), (87, 3, 0), (87, 13, 0), (87, 257, 0), (87, 259, 0), (87, 260, 0), (87, 261, 0), (87, 283, 0), (87, 284, 0), (87, 316, 0), (87, 317, 0), (87, 318, 0), (89, 5, 0), (89, 14, 0), (89, 254, 0), (89, 278, 0), (89, 294, 0), (89, 295, 0), (89, 296, 0), (2534, 15, 0), (2534, 323, 0), (2546, 15, 0), (2546, 323, 0), (2549, 15, 0), (2549, 323, 0), (2560, 26, 0), (2560, 27, 0), (2561, 23, 0), (2561, 24, 0), (2561, 26, 0), (2561, 27, 0), (2561, 28, 0), (2562, 24, 0), (2562, 26, 0), (2562, 28, 0), (2563, 21, 0), (2564, 21, 0), (2564, 22, 0), (2564, 39, 0), (2565, 39, 0), (2566, 23, 0), (2566, 24, 0), (2566, 39, 0), (2568, 24, 0), (2568, 26, 0), (2569, 24, 0), (2569, 26, 0), (2570, 24, 0), (2570, 26, 0), (2571, 24, 0), (2571, 26, 0), (2572, 24, 0), (2572, 26, 0), (2622, 39, 0), (2622, 40, 0), (2622, 41, 0), (2622, 42, 0), (2622, 43, 0), (2622, 44, 0), (2622, 45, 0), (2622, 115, 0), (2622, 129, 0), (2622, 147, 0), (2622, 152, 0), (2622, 187, 0), (2622, 188, 0), (2622, 189, 0), (2622, 190, 0), (2622, 191, 0), (2622, 192, 0), (2622, 193, 0), (2622, 194, 0), (2622, 195, 0), (2622, 196, 0), (2622, 197, 0), (2622, 198, 0), (2622, 199, 0), (2622, 200, 0), (2644, 28, 0), (2644, 101, 0), (2644, 102, 0), (2644, 103, 0), (2644, 104, 0), (2644, 105, 0), (2644, 106, 0), (2644, 107, 0), (2644, 108, 0), (2644, 109, 0), (2644, 110, 0), (2644, 111, 0), (2644, 112, 0), (2644, 115, 0), (2644, 129, 0), (2644, 131, 0), (2644, 147, 0), (2644, 152, 0), (2644, 201, 0), (2644, 202, 0), (2644, 203, 0), (2644, 204, 0), (2644, 205, 0), (2662, 23, 0), (2662, 58, 0), (2662, 59, 0), (2662, 60, 0), (2662, 61, 0), (2662, 62, 0), (2662, 63, 0), (2662, 115, 0), (2662, 129, 0), (2662, 147, 0), (2662, 152, 0), (2662, 180, 0), (2662, 209, 0), (2662, 210, 0), (2662, 211, 0), (2662, 212, 0), (2662, 213, 0), (2662, 214, 0), (2662, 215, 0), (2662, 216, 0), (2662, 217, 0), (2662, 218, 0), (2693, 28, 0), (2693, 101, 0), (2693, 102, 0), (2693, 103, 0), (2693, 104, 0), (2693, 105, 0), (2693, 106, 0), (2693, 107, 0), (2693, 108, 0), (2693, 109, 0), (2693, 110, 0), (2693, 111, 0), (2693, 115, 0), (2693, 129, 0), (2693, 130, 0), (2693, 146, 0), (2693, 152, 0), (2693, 201, 0), (2693, 229, 0), (2693, 230, 0), (2693, 231, 0), (2700, 22, 0), (2700, 47, 0), (2700, 48, 0), (2700, 49, 0), (2700, 50, 0), (2700, 51, 0), (2700, 52, 0), (2700, 53, 0), (2700, 54, 0), (2700, 55, 0), (2700, 56, 0), (2700, 57, 0), (2700, 115, 0), (2700, 127, 0), (2700, 129, 0), (2700, 147, 0), (2700, 152, 0), (2700, 175, 0), (2700, 177, 0), (2700, 183, 0), (2700, 232, 0), (2700, 233, 0), (2717, 39, 0), (2717, 40, 0), (2717, 41, 0), (2717, 42, 0), (2717, 43, 0), (2717, 44, 0), (2717, 45, 0), (2717, 115, 0), (2717, 129, 0), (2717, 147, 0), (2717, 152, 0), (2717, 187, 0), (2717, 241, 0), (2717, 242, 0), (2717, 243, 0), (2816, 266, 0), (2825, 263, 0), (2832, 263, 0), (2838, 264, 0), (3319, 322, 0), (3321, 322, 0), (3322, 322, 0), (3323, 322, 0), (3324, 322, 0), (3326, 322, 0), (3327, 322, 0), (3328, 322, 0), (3329, 322, 0), (3330, 322, 0), (3332, 322, 0), (3333, 322, 0), (3336, 322, 0), (3340, 322, 0), (3345, 322, 0), (3367, 322, 0), (3368, 322, 0), (3369, 322, 0);

INSERT INTO `wp_term_taxonomy` (`term_taxonomy_id`, `term_id`, `taxonomy`, `description`, `parent`, `count`) VALUES (1, 1, 'category', '', 0, 0), (2, 2, 'product_type', '', 0, 4), (3, 3, 'product_type', '', 0, 1), (4, 4, 'product_type', '', 0, 0), (5, 5, 'product_type', '', 0, 1), (6, 6, 'product_visibility', '', 0, 0), (7, 7, 'product_visibility', '', 0, 0), (8, 8, 'product_visibility', '', 0, 0), (9, 9, 'product_visibility', '', 0, 0), (10, 10, 'product_visibility', '', 0, 0), (11, 11, 'product_visibility', '', 0, 0), (12, 12, 'product_visibility', '', 0, 0), (13, 13, 'product_visibility', '', 0, 2), (14, 14, 'product_visibility', '', 0, 4), (15, 15, 'product_cat', '', 0, 3), (16, 16, 'category', '', 0, 0), (17, 17, 'category', '', 0, 1), (18, 18, 'category', '', 0, 1), (19, 19, 'category', '', 0, 0), (20, 20, 'category', '', 0, 1), (21, 21, 'l_category', '', 0, 0), (22, 22, 'l_category', '', 0, 1), (23, 23, 'l_category', '', 0, 1), (24, 24, 'l_category', '', 0, 0), (25, 25, 'l_category', '', 0, 0), (26, 26, 'l_category', '', 0, 0), (27, 27, 'l_category', '', 0, 0), (28, 28, 'l_category', '', 0, 2), (29, 29, 'l_category', '', 21, 0), (30, 30, 'l_category', '', 21, 0), (31, 31, 'l_category', '', 21, 0), (32, 32, 'l_category', '', 21, 0), (33, 33, 'l_category', '', 21, 0), (34, 34, 'l_category', '', 21, 0), (35, 35, 'l_category', '', 21, 0), (36, 36, 'l_category', '', 21, 0), (37, 37, 'l_category', '', 21, 0), (39, 39, 'l_category', '', 0, 2), (40, 40, 'l_category', '', 39, 2), (41, 41, 'l_category', '', 39, 2), (42, 42, 'l_category', '', 39, 2), (43, 43, 'l_category', '', 39, 2), (44, 44, 'l_category', '', 39, 2), (45, 45, 'l_category', '', 39, 2), (47, 47, 'l_category', '', 22, 1), (48, 48, 'l_category', '', 22, 1), (49, 49, 'l_category', '', 22, 1), (50, 50, 'l_category', '', 22, 1), (51, 51, 'l_category', '', 22, 1), (52, 52, 'l_category', '', 22, 1), (53, 53, 'l_category', '', 22, 1), (54, 54, 'l_category', '', 22, 1), (55, 55, 'l_category', '', 22, 1), (56, 56, 'l_category', '', 22, 1), (57, 57, 'l_category', '', 22, 1), (58, 58, 'l_category', '', 23, 1), (59, 59, 'l_category', '', 23, 1), (60, 60, 'l_category', '', 23, 1), (61, 61, 'l_category', '', 23, 1), (62, 62, 'l_category', '', 23, 1), (63, 63, 'l_category', '', 23, 1), (64, 64, 'l_category', '', 24, 0), (65, 65, 'l_category', '', 24, 0), (66, 66, 'l_category', '', 24, 0), (67, 67, 'l_category', '', 24, 0), (68, 68, 'l_category', '', 24, 0), (69, 69, 'l_category', '', 24, 0), (70, 70, 'l_category', '', 24, 0), (71, 71, 'l_category', '', 24, 0), (73, 73, 'l_category', '', 25, 0), (74, 74, 'l_category', '', 25, 0), (75, 75, 'l_category', '', 25, 0), (76, 76, 'l_category', '', 25, 0), (77, 77, 'l_category', '', 25, 0), (78, 78, 'l_category', '', 26, 0), (80, 80, 'l_category', '', 26, 0), (81, 81, 'l_category', '', 26, 0), (82, 82, 'l_category', '', 26, 0), (83, 83, 'l_category', '', 26, 0), (84, 84, 'l_category', '', 26, 0), (85, 85, 'l_category', '', 26, 0), (86, 86, 'l_category', '', 27, 0), (87, 87, 'l_category', '', 27, 0), (88, 88, 'l_category', '', 27, 0), (89, 89, 'l_category', '', 27, 0), (90, 90, 'l_category', '', 27, 0), (91, 91, 'l_category', '', 27, 0), (92, 92, 'l_category', '', 27, 0), (93, 93, 'l_category', '', 27, 0), (94, 94, 'l_category', '', 27, 0), (95, 95, 'l_category', '', 27, 0), (96, 96, 'l_category', '', 27, 0), (97, 97, 'l_category', '', 27, 0), (98, 98, 'l_category', '', 27, 0), (99, 99, 'l_category', '', 27, 0), (100, 100, 'l_category', '', 27, 0), (101, 101, 'l_category', '', 28, 2), (102, 102, 'l_category', '', 28, 2), (103, 103, 'l_category', '', 28, 2), (104, 104, 'l_category', '', 28, 2), (105, 105, 'l_category', '', 28, 2), (106, 106, 'l_category', '', 28, 2), (107, 107, 'l_category', '', 28, 2), (108, 108, 'l_category', '', 28, 2), (109, 109, 'l_category', '', 28, 2), (110, 110, 'l_category', '', 28, 2), (111, 111, 'l_category', '', 28, 2), (112, 112, 'l_category', '', 28, 1), (115, 115, 'l_location', '', 0, 6), (116, 116, 'l_location', '', 115, 0), (117, 117, 'l_location', '', 116, 0), (118, 118, 'l_location', '', 116, 0), (119, 119, 'l_location', '', 116, 0), (120, 120, 'l_location', '', 116, 0), (121, 121, 'l_location', '', 116, 0), (122, 122, 'l_location', '', 116, 0), (123, 123, 'l_location', '', 115, 0), (124, 124, 'l_location', '', 123, 0), (125, 125, 'l_location', '', 123, 0), (126, 126, 'l_location', '', 123, 0), (127, 127, 'l_location', '', 123, 1), (128, 128, 'l_location', '', 123, 0), (129, 129, 'l_location', '', 115, 6), (130, 130, 'l_location', '', 129, 1), (131, 131, 'l_location', '', 129, 1), (132, 132, 'l_location', '', 129, 0), (133, 133, 'l_location', '', 0, 0), (134, 134, 'l_location', '', 133, 0), (135, 135, 'l_location', '', 133, 0), (136, 136, 'l_location', '', 133, 0), (137, 137, 'l_location', '', 133, 0), (138, 138, 'l_location', '', 134, 0), (139, 139, 'l_location', '', 138, 0), (140, 140, 'l_location', '', 137, 0), (141, 141, 'l_location', '', 140, 0), (142, 142, 'l_location', '', 135, 0), (143, 143, 'l_location', '', 142, 0), (144, 144, 'l_location', '', 136, 0), (145, 145, 'l_location', '', 144, 0), (146, 146, 'l_price_type', '', 0, 1), (147, 147, 'l_price_type', '', 0, 5), (148, 148, 'l_price_type', '', 0, 0), (149, 149, 'l_price_type', '', 0, 0), (150, 150, 'l_currency', '', 0, 0), (151, 151, 'l_currency', '', 0, 0), (152, 152, 'l_currency', '', 0, 6), (153, 153, 'l_currency', '', 0, 0), (154, 154, 'l_tags', '', 0, 0), (155, 155, 'l_tags', '', 0, 0), (156, 156, 'l_tags', '', 0, 0), (157, 157, 'l_tags', '', 0, 0), (158, 158, 'l_tags', '', 0, 0), (159, 159, 'l_tags', '', 0, 0), (160, 160, 'l_tags', '', 0, 0), (161, 161, 'l_tags', '', 0, 0), (162, 162, 'l_tags', '', 0, 0), (163, 163, 'l_tags', '', 0, 0), (167, 167, 'l_tags', '', 0, 0), (168, 168, 'l_tags', '', 0, 0), (169, 169, 'l_tags', '', 0, 0), (170, 170, 'l_tags', '', 0, 0), (171, 171, 'l_tags', '', 0, 0), (172, 172, 'l_tags', '', 0, 0), (173, 173, 'l_tags', '', 0, 0), (174, 174, 'l_tags', '', 0, 0), (175, 175, 'l_tags', '', 0, 1), (176, 176, 'l_tags', '', 0, 0), (177, 177, 'l_tags', '', 0, 1), (178, 178, 'l_tags', '', 0, 0), (179, 179, 'l_tags', '', 0, 0), (180, 180, 'l_tags', '', 0, 1), (181, 181, 'l_tags', '', 0, 0), (182, 182, 'l_tags', '', 0, 0), (183, 183, 'l_tags', '', 0, 1), (184, 184, 'l_tags', '', 0, 0), (185, 185, 'l_tags', '', 0, 0), (186, 186, 'l_tags', '', 0, 0), (187, 187, 'l_tags', '', 0, 2), (188, 188, 'l_tags', '', 0, 1), (189, 189, 'l_tags', '', 0, 1), (190, 190, 'l_tags', '', 0, 1), (191, 191, 'l_tags', '', 0, 1), (192, 192, 'l_tags', '', 0, 1), (193, 193, 'l_tags', '', 0, 1), (194, 194, 'l_tags', '', 0, 1), (195, 195, 'l_tags', '', 0, 1), (196, 196, 'l_tags', '', 0, 1), (197, 197, 'l_tags', '', 0, 1), (198, 198, 'l_tags', '', 0, 1), (199, 199, 'l_tags', '', 0, 1), (200, 200, 'l_tags', '', 0, 1), (201, 201, 'l_tags', '', 0, 2), (202, 202, 'l_tags', '', 0, 1), (203, 203, 'l_tags', '', 0, 1), (204, 204, 'l_tags', '', 0, 1), (205, 205, 'l_tags', '', 0, 1), (206, 206, 'l_tags', '', 0, 0), (207, 207, 'l_tags', '', 0, 0), (208, 208, 'l_tags', '', 0, 0), (209, 209, 'l_tags', '', 0, 1), (210, 210, 'l_tags', '', 0, 1), (211, 211, 'l_tags', '', 0, 1), (212, 212, 'l_tags', '', 0, 1), (213, 213, 'l_tags', '', 0, 1), (214, 214, 'l_tags', '', 0, 1), (215, 215, 'l_tags', '', 0, 1), (216, 216, 'l_tags', '', 0, 1), (217, 217, 'l_tags', '', 0, 1), (218, 218, 'l_tags', '', 0, 1), (219, 219, 'l_tags', '', 0, 0), (220, 220, 'l_tags', '', 0, 0), (221, 221, 'l_tags', '', 0, 0), (222, 222, 'l_tags', '', 0, 0), (223, 223, 'l_tags', '', 0, 0), (224, 224, 'l_tags', '', 0, 0), (225, 225, 'l_tags', '', 0, 0), (226, 226, 'l_tags', '', 0, 0), (227, 227, 'l_tags', '', 0, 0), (228, 228, 'l_tags', '', 0, 0), (229, 229, 'l_tags', '', 0, 1), (230, 230, 'l_tags', '', 0, 1), (231, 231, 'l_tags', '', 0, 1), (232, 232, 'l_tags', '', 0, 1), (233, 233, 'l_tags', '', 0, 1), (234, 234, 'l_tags', '', 0, 0), (235, 235, 'l_tags', '', 0, 0), (236, 236, 'l_tags', '', 0, 0), (237, 237, 'l_tags', '', 0, 0), (238, 238, 'l_tags', '', 0, 0), (239, 239, 'l_tags', '', 0, 0), (240, 240, 'l_tags', '', 0, 0), (241, 241, 'l_tags', '', 0, 1), (242, 242, 'l_tags', '', 0, 1), (243, 243, 'l_tags', '', 0, 1), (244, 244, 'product_type', '', 0, 0), (245, 245, 'pa_color', '', 0, 4), (246, 246, 'pa_color', '', 0, 3), (247, 247, 'pa_size', '', 0, 1), (248, 248, 'pa_size', '', 0, 1), (249, 249, 'pa_color', '', 0, 4), (250, 250, 'pa_size', '', 0, 1), (251, 251, 'product_cat', '', 0, 2), (252, 252, 'product_cat', '', 0, 0), (253, 253, 'pa_color', '', 0, 3), (254, 254, 'product_cat', '', 0, 3), (255, 255, 'pa_color', '', 0, 1), (256, 256, 'product_cat', '', 0, 0), (257, 257, 'product_cat', '', 0, 2), (258, 258, 'product_cat', '', 0, 0), (259, 259, 'product_cat', '', 257, 1), (260, 260, 'product_cat', '', 257, 1), (261, 261, 'product_cat', '', 257, 2), (262, 262, 'l_event_cat', '', 0, 0), (263, 263, 'l_event_cat', '', 0, 2), (264, 264, 'l_event_cat', '', 0, 1), (265, 265, 'l_event_cat', '', 0, 0), (266, 266, 'l_event_cat', '', 0, 1), (267, 267, 'l_event_cat', '', 0, 0), (268, 268, 'l_event_cat', '', 0, 0), (269, 269, 'l_event_cat', '', 0, 0), (270, 270, 'l_event_cat', '', 0, 0), (271, 271, 'l_location', '', 0, 0), (272, 272, 'l_location', '', 0, 0), (273, 273, 'l_location', '', 0, 0), (274, 274, 'l_location', '', 0, 0), (275, 275, 'l_location', '', 115, 0), (276, 276, 'l_category', '', 0, 0), (277, 277, 'l_category', '', 0, 0), (278, 278, 'product_cat', '', 0, 4), (279, 279, 'product_tag', '', 0, 1), (280, 280, 'product_tag', '', 0, 1), (281, 281, 'product_tag', '', 0, 1), (282, 282, 'product_tag', '', 0, 1), (283, 283, 'product_tag', '', 0, 1), (284, 284, 'product_tag', '', 0, 1), (285, 285, 'product_tag', '', 0, 0), (286, 286, 'product_tag', '', 0, 1), (287, 287, 'product_tag', '', 0, 0), (288, 288, 'product_tag', '', 0, 1), (289, 289, 'product_tag', '', 0, 0), (290, 290, 'product_tag', '', 0, 0), (292, 292, 'product_tag', '', 0, 0), (293, 293, 'product_tag', '', 0, 0), (294, 294, 'product_tag', '', 0, 1), (295, 295, 'product_tag', '', 0, 1), (296, 296, 'product_tag', '', 0, 1), (297, 297, 'product_tag', '', 0, 0), (298, 298, 'product_tag', '', 0, 0), (299, 299, 'product_tag', '', 0, 0), (300, 300, 'product_tag', '', 0, 0), (301, 301, 'product_tag', '', 0, 0), (302, 302, 'product_tag', '', 0, 0), (303, 303, 'product_tag', '', 0, 0), (304, 304, 'product_tag', '', 0, 0), (305, 305, 'product_tag', '', 0, 0), (306, 306, 'product_tag', '', 0, 0), (307, 307, 'product_tag', '', 0, 0), (308, 308, 'product_tag', '', 0, 0), (309, 309, 'product_tag', '', 0, 0), (310, 310, 'product_tag', '', 0, 0), (311, 311, 'product_tag', '', 0, 0), (312, 312, 'product_tag', '', 0, 0), (313, 313, 'product_tag', '', 0, 0), (314, 314, 'product_tag', '', 0, 0), (315, 315, 'product_tag', '', 0, 0), (316, 316, 'product_tag', '', 0, 1), (317, 317, 'product_tag', '', 0, 1), (318, 318, 'product_tag', '', 0, 1), (319, 319, 'post_tag', '', 0, 0), (320, 320, 'l_tags', '', 0, 0), (322, 322, 'nav_menu', '', 0, 18), (323, 323, 'product_type', '', 0, 3);