INSERT INTO `wp_termmeta` (`meta_id`, `term_id`, `meta_key`, `meta_value`) VALUES (1, 15, 'product_count_product_cat', '7'), (4, 254, 'order', '0'), (10, 254, 'product_count_product_cat', '8'), (24, 279, 'product_count_product_tag', '0'), (25, 280, 'product_count_product_tag', '0'), (26, 281, 'product_count_product_tag', '0'), (27, 282, 'product_count_product_tag', '0'), (28, 283, 'product_count_product_tag', '0'), (29, 284, 'product_count_product_tag', '0'), (30, 285, 'product_count_product_tag', '0'), (31, 286, 'product_count_product_tag', '0'), (32, 287, 'product_count_product_tag', '0'), (33, 288, 'product_count_product_tag', '0'), (34, 289, 'product_count_product_tag', '0'), (35, 290, 'product_count_product_tag', '1'), (36, 291, 'product_count_product_tag', '1'), (37, 292, 'product_count_product_tag', '1'), (38, 293, 'product_count_product_tag', '1'), (39, 294, 'product_count_product_tag', '0'), (40, 295, 'product_count_product_tag', '0'), (41, 296, 'product_count_product_tag', '0'), (42, 297, 'product_count_product_tag', '0'), (43, 298, 'product_count_product_tag', '0'), (44, 299, 'product_count_product_tag', '0'), (45, 300, 'product_count_product_tag', '0'), (46, 301, 'product_count_product_tag', '0'), (47, 302, 'product_count_product_tag', '0'), (48, 303, 'product_count_product_tag', '0'), (49, 304, 'product_count_product_tag', '0'), (50, 305, 'product_count_product_tag', '0'), (51, 306, 'product_count_product_tag', '0'), (52, 307, 'product_count_product_tag', '0'), (53, 308, 'product_count_product_tag', '0'), (54, 309, 'product_count_product_tag', '0'), (55, 310, 'product_count_product_tag', '0'), (56, 311, 'product_count_product_tag', '0'), (57, 312, 'product_count_product_tag', '0'), (58, 313, 'product_count_product_tag', '0'), (59, 314, 'product_count_product_tag', '0'), (60, 315, 'product_count_product_tag', '0'), (61, 316, 'product_count_product_tag', '0'), (62, 317, 'product_count_product_tag', '0'), (63, 318, 'product_count_product_tag', '0'), (75, 322, 'category_icon', ''), (76, 323, 'category_icon', ''), (77, 324, 'category_icon', ''), (78, 325, 'category_icon', ''), (80, 327, 'category_icon', ''), (81, 328, 'category_icon', ''), (83, 330, 'category_icon', ''), (84, 331, 'category_icon', ''), (85, 332, 'category_icon', ''), (86, 333, 'category_icon', ''), (87, 334, 'category_icon', ''), (88, 335, 'category_icon', ''), (89, 336, 'category_icon', ''), (90, 337, 'category_icon', ''), (91, 338, 'category_icon', ''), (92, 339, 'category_icon', ''), (93, 340, 'category_icon', ''), (94, 341, 'category_icon', ''), (95, 342, 'category_icon', ''), (96, 343, 'category_icon', ''), (97, 344, 'category_icon', ''), (98, 345, 'category_icon', ''), (99, 346, 'category_icon', ''), (100, 347, 'category_icon', ''), (101, 348, 'category_icon', ''), (102, 349, 'category_icon', ''), (103, 350, 'category_icon', ''), (104, 351, 'category_icon', ''), (105, 352, 'category_icon', ''), (106, 353, 'category_icon', ''), (107, 354, 'category_icon', ''), (108, 355, 'category_icon', ''), (109, 356, 'category_icon', ''), (110, 357, 'category_icon', ''), (111, 358, 'category_icon', ''), (112, 359, 'category_icon', ''), (113, 360, 'category_icon', ''), (114, 361, 'category_icon', ''), (115, 362, 'category_icon', ''), (116, 363, 'category_icon', ''), (117, 364, 'category_icon', ''), (118, 365, 'category_icon', ''), (119, 366, 'category_icon', ''), (120, 418, 'order', '0'), (121, 418, 'product_count_product_cat', '13'), (122, 419, 'order', '0'), (123, 419, 'product_count_product_cat', '2'), (124, 420, 'order', '0'), (125, 420, 'product_count_product_cat', '10'), (126, 421, 'order', '0'), (127, 421, 'product_count_product_cat', '6'), (128, 422, 'product_count_product_tag', '3'), (129, 423, 'product_count_product_tag', '1'), (130, 424, 'product_count_product_tag', '1'), (131, 425, 'product_count_product_tag', '1'), (132, 426, 'product_count_product_tag', '1'), (133, 427, 'product_count_product_tag', '2'), (134, 428, 'product_count_product_tag', '1'), (135, 429, 'product_count_product_tag', '1'), (136, 430, 'product_count_product_tag', '1'), (137, 431, 'product_count_product_tag', '1'), (138, 432, 'product_count_product_tag', '1'), (139, 433, 'product_count_product_tag', '1'), (140, 434, 'product_count_product_tag', '1'), (141, 435, 'product_count_product_tag', '1'), (142, 436, 'product_count_product_tag', '1'), (143, 437, 'product_count_product_tag', '1'), (144, 438, 'product_count_product_tag', '1'), (145, 439, 'product_count_product_tag', '1'), (146, 440, 'product_count_product_tag', '1'), (147, 441, 'product_count_product_tag', '1'), (148, 442, 'product_count_product_tag', '1'), (149, 443, 'product_count_product_tag', '1'), (150, 444, 'product_count_product_tag', '1'), (151, 445, 'product_count_product_tag', '1'), (152, 446, 'product_count_product_tag', '1'), (153, 447, 'product_count_product_tag', '1'), (154, 448, 'product_count_product_tag', '1'), (155, 449, 'product_count_product_tag', '1'), (156, 450, 'product_count_product_tag', '1'), (157, 451, 'product_count_product_tag', '1'), (158, 452, 'product_count_product_tag', '2'), (159, 453, 'product_count_product_tag', '1'), (160, 454, 'product_count_product_tag', '1'), (161, 455, 'product_count_product_tag', '1'), (162, 456, 'product_count_product_tag', '1'), (163, 457, 'product_count_product_tag', '1'), (164, 458, 'product_count_product_tag', '1'), (165, 459, 'product_count_product_tag', '1'), (166, 460, 'product_count_product_tag', '1'), (167, 461, 'product_count_product_tag', '1'), (168, 462, 'product_count_product_tag', '1'), (169, 463, 'order', '0'), (170, 463, 'product_count_product_cat', '1'), (171, 464, 'product_count_product_tag', '1'), (172, 465, 'product_count_product_tag', '1'), (173, 466, 'product_count_product_tag', '2'), (174, 467, 'product_count_product_tag', '1'), (175, 468, 'product_count_product_tag', '1'), (176, 469, 'product_count_product_tag', '1');  
 
INSERT INTO `wp_terms` (`term_id`, `name`, `slug`, `term_group`) VALUES (1, 'Uncategorized', 'uncategorized', 0), (2, 'simple', 'simple', 0), (3, 'grouped', 'grouped', 0), (4, 'variable', 'variable', 0), (5, 'external', 'external', 0), (6, 'exclude-from-search', 'exclude-from-search', 0), (7, 'exclude-from-catalog', 'exclude-from-catalog', 0), (8, 'featured', 'featured', 0), (9, 'outofstock', 'outofstock', 0), (10, 'rated-1', 'rated-1', 0), (11, 'rated-2', 'rated-2', 0), (12, 'rated-3', 'rated-3', 0), (13, 'rated-4', 'rated-4', 0), (14, 'rated-5', 'rated-5', 0), (15, 'Uncategorized', 'uncategorized', 0), (114, 'Menu 1', 'menu-1', 0), (115, 'United State', 'united-state', 0), (116, 'Alabama', 'alabama', 0), (117, 'Anniston', 'anniston', 0), (118, 'Chickasaw', 'chickasaw', 0), (119, 'Demopolis', 'demopolis', 0), (120, 'Enterprise', 'enterprise', 0), (121, 'Phenix City', 'phenix-city', 0), (122, 'Sheffield', 'sheffield', 0), (123, 'Arizona', 'arizona', 0), (124, 'Avondale', 'avondale', 0), (125, 'Bisbee', 'bisbee', 0), (126, 'Casa Grande', 'casa-grande', 0), (127, 'Kingman', 'kingman', 0), (128, 'Lake Havasu City', 'lake-havasu-city', 0), (129, 'Arkansas', 'arkansas', 0), (130, 'Little Rock', 'little-rock', 0), (131, 'Pine Bluff', 'pine-bluff', 0), (132, 'Hot Springs', 'hot-springs', 0), (133, 'Pakistan', 'pakistan', 0), (134, 'Punjab', 'punjab', 0), (135, 'Sindh', 'sindh', 0), (136, 'Balochistan', 'balochistan', 0), (137, 'Khyber Pakhtunkhwa', 'khyber-pakhtunkhwa', 0), (138, 'Lahore', 'lahore', 0), (139, 'Model Town Link Road', 'model-town-link-road', 0), (140, 'Peshawer', 'peshawer', 0), (141, 'Abazai', 'abazai', 0), (142, 'Karachi', 'karachi', 0), (143, 'Gulberg Town', 'gulberg-town', 0), (144, 'Quetta', 'quetta', 0), (145, 'Abid town', 'abid-town', 0), (146, 'Cheap', 'cheap', 0), (147, 'Economical', 'economical', 0), (148, 'Expensive', 'expensive', 0), (149, 'Ultra Expensive', 'ultra-expensive', 0), (150, '€', 'e', 0), (151, '£', '151', 0), (152, '$', '152', 0), (153, '¢', '%c2%a2', 0), (154, 'pizza.hotel', 'pizza-hotel', 0), (155, 'bar', 'bar', 0), (156, 'tasty', 'tasty', 0), (157, 'food', 'food', 0), (158, 'pizza', 'pizza', 0), (159, 'burger', 'burger', 0), (160, 'spicy', 'spicy', 0), (161, 'broast', 'broast', 0), (162, 'crunchy', 'crunchy', 0), (163, 'spacey', 'spacey', 0), (167, 'Real estate', 'real-estate', 0), (168, 'Investment', 'investment', 0), (169, 'Houses', 'houses', 0), (170, 'Apartments', 'apartments', 0), (171, 'Departments', 'departments', 0), (172, 'Day Spas', 'day-spas', 0), (173, 'Skin Care', 'skin-care', 0), (174, 'Tanning Salons', 'tanning-salons', 0), (175, 'Nail Salons', 'nail-salons', 0), (176, 'Yoga Instruction', 'yoga-instruction', 0), (177, 'Beauty Salons', 'beauty-salons', 0), (178, 'Massage Services', 'massage-services', 0), (179, 'Massage Therapists', 'massage-therapists', 0), (180, 'Acupuncture', 'acupuncture', 0), (181, 'Make-Up Artists', 'make-up-artists', 0), (182, 'Permanent Make-Up', 'permanent-make-up', 0), (183, 'Hair Stylists', 'hair-stylists', 0), (184, 'Body Wrap Salons', 'body-wrap-salons', 0), (185, 'Cosmetologists', 'cosmetologists', 0), (186, 'Hair Removal', 'hair-removal', 0), (187, 'Auto Repair &amp; Service', 'auto-repair-service', 0), (188, 'Automobile Parts &amp; Supplies', 'automobile-parts-supplies', 0), (189, 'Brake Repair', 'brake-repair', 0), (190, 'Auto Oil &amp; Lube', 'auto-oil-lube', 0), (191, 'Automobile Air Conditioning Equipment-Service &amp; Repair', 'automobile-air-conditioning-equipment-service-repair', 0), (192, 'Tire Dealers', 'tire-dealers', 0), (193, 'Automobile Electric Service', 'automobile-electric-service', 0), (194, 'Tire Recap', 'tire-recap', 0), (195, 'Retread &amp; Repair', 'retread-repair', 0), (196, 'Wheels-Aligning &amp; Balancing', 'wheels-aligning-balancing', 0), (197, 'Mufflers &amp; Exhaust Systems', 'mufflers-exhaust-systems', 0), (198, 'Wheel Alignment-Frame &amp; Axle Servicing-Automotive', 'wheel-alignment-frame-axle-servicing-automotive', 0), (199, 'Emissions Inspection Stations', 'emissions-inspection-stations', 0), (200, 'Automobile Electrical Equipment', 'automobile-electrical-equipment', 0), (201, 'Discount Stores', 'discount-stores', 0), (202, 'Clothing Stores', 'clothing-stores', 0), (203, 'Outlet Stores', 'outlet-stores', 0), (204, 'Men\'s Clothing Wholesalers &amp; Manufacturers', 'mens-clothing-wholesalers-manufacturers', 0), (205, 'Women\'s Clothing Wholesalers &amp; Manufacturers', 'womens-clothing-wholesalers-manufacturers', 0), (206, 'Art Galleries', 'art-galleries', 0), (207, 'Dealers &amp; Consultants', 'dealers-consultants', 0), (208, 'Fine Art Artists', 'fine-art-artists', 0), (209, 'Medical', 'medical', 0), (210, 'Physical therapy', 'physical-therapy', 0), (211, 'Chiropractic', 'chiropractic', 0), (212, 'Manipulation Under Anesthesia', 'manipulation-under-anesthesia', 0), (213, 'Diagnostic testing', 'diagnostic-testing', 0), (214, 'Hearing tests', 'hearing-tests', 0), (215, 'Hearing aids', 'hearing-aids', 0), (216, 'Hearing and Tinnitus rehabilitation', 'hearing-and-tinnitus-rehabilitation', 0), (217, 'Custom musician monitors &amp; protective hearing &amp; swim plugs', 'custom-musician-monitors-protective-hearing-swim-plugs', 0), (218, 'Assistive listening devices', 'assistive-listening-devices', 0), (219, 'yummy', 'yummy', 0), (220, 'quality', 'quality', 0), (221, 'Health Clubs', 'health-clubs', 0), (222, 'Exercise &amp; Physical Fitness Programs', 'exercise-physical-fitness-programs', 0), (223, 'Gymnasiums', 'gymnasiums', 0), (224, 'Physical Fitness Consultants &amp; Trainers', 'physical-fitness-consultants-trainers', 0), (225, 'Personal Fitness Trainers', 'personal-fitness-trainers', 0), (226, 'Hotels', 'hotels', 0), (227, 'Lodging', 'lodging', 0), (228, 'Corporate Lodging', 'corporate-lodging', 0), (229, 'Consumer Electronics', 'consumer-electronics', 0), (230, 'General Merchandise', 'general-merchandise', 0), (231, 'Variety Stores', 'variety-stores', 0), (232, 'Hair Weaving', 'hair-weaving', 0), (233, 'Hair Braiding', 'hair-braiding', 0), (234, 'Entertainment Agencies &amp; Bureaus', 'entertainment-agencies-bureaus', 0), (235, 'Family &amp; Business Entertainers', 'family-business-entertainers', 0), (236, 'Japanese Restaurants', 'japanese-restaurants', 0), (237, 'Family Style Restaurants', 'family-style-restaurants', 0), (238, 'Asian Restaurants', 'asian-restaurants', 0), (239, 'Sushi Bars', 'sushi-bars', 0), (240, 'Restaurants', 'restaurants', 0), (241, 'Automobile Body Repairing &amp; Painting', 'automobile-body-repairing-painting', 0), (242, 'Automobile Customizing', 'automobile-customizing', 0), (243, 'Automotive Tune Up Service', 'automotive-tune-up-service', 0), (244, 'downtown_pkgs', 'downtown_pkgs', 0), (245, 'Blue', 'blue', 0), (246, 'Green', 'green', 0), (247, 'Large', 'large', 0), (248, 'Medium', 'medium', 0), (249, 'Red', 'red', 0), (250, 'Small', 'small', 0), (253, 'Gray', 'gray', 0), (254, 'Accessories', 'accessories', 0), (255, 'Yellow', 'yellow', 0), (262, 'Cafe &amp; Bar', 'cafe-bar', 0), (263, 'Hotels &amp; Travel', 'hotels-travel', 0), (264, 'Musical Nights', 'musical-nights', 0), (265, 'Night Clubs', 'night-clubs', 0), (266, 'Food Festivals', 'food-festivals', 0), (267, 'Shopping', 'shopping', 0), (268, 'Health &amp; Fitness', 'health-fitness', 0), (269, 'Beauty Salon', 'beauty-salon', 0), (270, 'Gaming', 'gaming', 0), (271, 'Australia', 'australia', 0), (272, 'France', 'france', 0), (273, 'United Kingdom', 'united-kingdom', 0), (274, 'Italy', 'italy', 0), (275, 'Florida', 'florida', 0), (279, 'cannon', 'cannon', 0), (280, 'camera', 'camera', 0), (281, 'dslr', 'dslr', 0), (282, 'mark', 'mark', 0), (283, 'shirts', 'shirts', 0), (284, 'Polo', 'polo', 0), (285, 'pack', 'pack', 0), (286, 'watch', 'watch', 0), (287, 'apple', 'apple', 0), (288, 'smart watch', 'smart-watch', 0), (289, 'moto 360', 'moto-360', 0), (290, 'shoes', 'shoes', 0), (291, 'volcom', 'volcom', 0), (292, 'Leather', 'leather', 0), (293, 'Shoe', 'shoe', 0), (294, 'headphone', 'headphone', 0), (295, 'bluetooth', 'bluetooth', 0), (296, 'wireless', 'wireless', 0), (297, 'Quartz', 'quartz', 0), (298, 'Casual', 'casual', 0), (299, 'samsung', 'samsung', 0), (300, 'galaxy', 'galaxy', 0), (301, 's6', 's6', 0), (302, 'gold', 'gold', 0), (303, 'style', 'style', 0), (304, 'classic', 'classic', 0), (305, 'purse', 'purse', 0), (306, 'elegent', 'elegent', 0), (307, 'sleeveless', 'sleeveless', 0), (308, 'dress', 'dress', 0), (309, 'embroidered', 'embroidered', 0), (310, 'cocktail', 'cocktail', 0), (311, 'Runner', 'runner', 0), (312, 'Merrell', 'merrell', 0), (313, 'laptop', 'laptop', 0), (314, 'lenovo', 'lenovo', 0), (315, 'Ideapad', 'ideapad', 0), (316, 't shirt', 't-shirt', 0), (317, 'mens wear', 'mens-wear', 0), (318, 'summer collection', 'summer-collection', 0), (319, 'tag', 'tag', 0), (320, 'tag2', 'tag2', 0), (321, 'dwt_listing_pkgs', 'dwt_listing_pkgs', 0), (322, 'Hair Salon', 'hair-salon', 0), (323, 'Beauty Salon', 'beauty-salon', 0), (324, 'Day Spas', 'day-spas', 0), (325, 'Hair Styling Salons &amp; Cosmetics Franchises', 'hair-styling-salons-cosmetics-franchises', 0), (327, 'Nail Salons', 'nail-salons', 0), (328, 'Tattooing', 'tattooing', 0), (330, 'Barber Shops', 'barber-shops', 0), (331, 'Shaves', 'shaves', 0), (332, 'Hair Cut', 'hair-cut', 0), (333, 'Hair Wash', 'hair-wash', 0), (334, 'Face Mask', 'face-mask', 0), (335, 'Hair Paint', 'hair-paint', 0), (336, 'Face Wax', 'face-wax', 0), (337, 'Hair Cut', 'hair-cut-beauty-salon', 0), (338, 'Makeup', 'makeup', 0), (339, 'MeniCure &amp; PadiCure', 'menicure-padicure', 0), (340, 'Skin Care', 'skin-care', 0), (341, 'Body Treatment', 'body-treatment', 0), (342, 'Massage', 'massage', 0), (343, 'Massage Therapies', 'massage-therapies', 0), (344, 'Energy Therapies', 'energy-therapies', 0), (345, 'Hydrotherapy Treatments', 'hydrotherapy-treatments', 0), (346, 'Body Traetments', 'body-traetments', 0), (347, 'Nail Treatments', 'nail-treatments', 0), (348, 'Make Up &amp; Waxing', 'make-up-waxing', 0), (349, 'Color Highlights', 'color-highlights', 0), (350, 'Cut/Styling', 'cut-styling', 0), (351, 'Gents Cut and Finish', 'gents-cut-and-finish', 0), (352, 'Shampoo/Style/Treatment', 'shampoo-style-treatment', 0), (353, 'Perms/Relaxers', 'perms-relaxers', 0), (354, 'Facials', 'facials', 0), (355, 'Eye Treatments', 'eye-treatments', 0), (356, 'Manicures', 'manicures', 0), (357, 'Pedicures', 'pedicures', 0), (358, 'Artificial Nails', 'artificial-nails', 0), (359, 'Dipping Powder', 'dipping-powder', 0), (360, 'UV Gel', 'uv-gel', 0), (361, 'Traditional', 'traditional', 0), (362, 'Realism', 'realism', 0), (363, 'Watercolor', 'watercolor', 0), (364, 'Tribal', 'tribal', 0), (365, 'New School', 'new-school', 0), (366, 'Neo Traditional', 'neo-traditional', 0), (367, 'hair', 'hair', 0), (368, 'nails', 'nails', 0), (369, 'beard', 'beard', 0), (370, 'styling', 'styling', 0), (371, 'color', 'color', 0), (372, 'makeup', 'makeup', 0), (373, 'haircut', 'haircut', 0), (374, 'meni', 'meni', 0), (375, 'pedi', 'pedi', 0), (376, 'waxing', 'waxing', 0), (377, 'threading', 'threading', 0), (378, 'spa', 'spa', 0), (379, 'massage', 'massage', 0), (380, 'energy', 'energy', 0), (381, 'therapies', 'therapies', 0), (382, 'highlights', 'highlights', 0), (383, 'cutting', 'cutting', 0), (384, 'traditional', 'traditional', 0), (385, 'tattooing', 'tattooing', 0), (386, 'tribal', 'tribal', 0), (387, 'watercolor', 'watercolor', 0), (388, 'realism', 'realism', 0), (389, 'newschool', 'newschool', 0), (390, 'hair cut', 'hair-cut', 0), (391, 'barber shop', 'barber-shop', 0), (392, 'coloring', 'coloring', 0), (393, 'shave and polish', 'shave-and-polish', 0), (394, 'facials', 'facials', 0), (395, 'skincare', 'skincare', 0), (396, 'menicure', 'menicure', 0), (397, 'pedicure', 'pedicure', 0), (398, 'foot massage', 'foot-massage', 0), (399, 'body massage', 'body-massage', 0), (400, 'essential oiling', 'essential-oiling', 0), (401, 'day', 'day', 0), (402, 'nail care', 'nail-care', 0), (403, 'long nail paint', 'long-nail-paint', 0), (404, 'artificial', 'artificial', 0), (405, 'dipping powder', 'dipping-powder', 0), (406, 'hair cutting', 'hair-cutting', 0), (407, 'cut/styling', 'cut-styling', 0), (408, 'gents cut and finish', 'gents-cut-and-finish', 0), (409, 'women cuts and finish', 'women-cuts-and-finish', 0), (410, 'face polish', 'face-polish', 0), (411, 'whitening facial', 'whitening-facial', 0), (412, 'allovera facial', 'allovera-facial', 0), (413, 'bridal', 'bridal', 0), (414, 'artificial nails', 'artificial-nails', 0), (415, 'manicures', 'manicures', 0), (416, 'pedicures', 'pedicures', 0), (417, 'uv gel', 'uv-gel', 0), (418, 'Salon', 'salon', 0), (419, 'Barber shop', 'barber-shop', 0), (420, 'makeup', 'makeup', 0), (421, 'facial', 'facial', 0), (422, 'nail paint', 'nail-paint', 0), (423, 'nail art', 'nail-art', 0), (424, 'polish', 'polish', 0), (425, 'eye lashes', 'eye-lashes', 0), (426, 'branded', 'branded', 0), (427, 'makeup', 'makeup', 0), (428, 'kit', 'kit', 0), (429, 'lipgloss', 'lipgloss', 0), (430, 'lipstick', 'lipstick', 0), (431, 'eyeshades', 'eyeshades', 0), (432, 'blushon', 'blushon', 0), (433, 'multi-color', 'multi-color', 0), (434, '6 pack kit', '6-pack-kit', 0), (435, 'herbal products', 'herbal-products', 0), (436, 'facial', 'facial', 0), (437, 'mask', 'mask', 0), (438, 'peeling', 'peeling', 0), (439, 'barber products', 'barber-products', 0), (440, 'shaving', 'shaving', 0), (441, 'machine', 'machine', 0), (442, 'brush set', 'brush-set', 0), (443, 'eye makeup brush', 'eye-makeup-brush', 0), (444, 'brushes', 'brushes', 0), (445, 'blushon brush', 'blushon-brush', 0), (446, 'nail paint kit', 'nail-paint-kit', 0), (447, 'color changing', 'color-changing', 0), (448, 'artificial nails', 'artificial-nails', 0), (449, 'face wash', 'face-wash', 0), (450, 'face polish', 'face-polish', 0), (451, 'herbal facials', 'herbal-facials', 0), (452, 'skin care', 'skin-care', 0), (453, 'lip gloss', 'lip-gloss', 0), (454, 'lip stick', 'lip-stick', 0), (455, 'make up', 'make-up', 0), (456, 'multi color gloss', 'multi-color-gloss', 0), (457, 'barber shop', 'barber-shop', 0), (458, 'shaving accessories', 'shaving-accessories', 0), (459, 'branded products', 'branded-products', 0), (460, 'anti aging', 'anti-aging', 0), (461, 'facials', 'facials', 0), (462, 'creams', 'creams', 0), (463, 'nails', 'nails', 0), (464, 'artificial', 'artificial', 0), (465, 'Eye Liner', 'eye-liner', 0), (466, 'eye makeup', 'eye-makeup', 0), (467, 'Mascara', 'mascara', 0), (468, 'eyelash curler', 'eyelash-curler', 0), (469, 'lash lift', 'lash-lift', 0), (470, 'Beauty', 'beauty', 0), (471, 'Hair', 'hair', 0), (472, 'Tips', 'tips', 0);  
 
INSERT INTO `wp_term_relationships` (`object_id`, `term_taxonomy_id`, `term_order`) VALUES (0, 154, 0), (0, 155, 0), (0, 156, 0), (9, 1, 0), (14, 1, 0), (21, 472, 0), (24, 471, 0), (27, 472, 0), (31, 472, 0), (44, 2, 0), (44, 8, 0), (44, 12, 0), (44, 15, 0), (44, 245, 0), (44, 246, 0), (44, 247, 0), (44, 248, 0), (44, 249, 0), (44, 250, 0), (45, 2, 0), (45, 12, 0), (45, 245, 0), (45, 246, 0), (45, 249, 0), (45, 254, 0), (45, 418, 0), (45, 420, 0), (45, 421, 0), (45, 452, 0), (45, 460, 0), (45, 461, 0), (45, 462, 0), (46, 2, 0), (46, 14, 0), (46, 245, 0), (46, 254, 0), (46, 418, 0), (46, 422, 0), (46, 463, 0), (46, 464, 0), (47, 2, 0), (47, 14, 0), (47, 253, 0), (47, 418, 0), (47, 420, 0), (47, 466, 0), (47, 467, 0), (47, 468, 0), (47, 469, 0), (48, 2, 0), (48, 13, 0), (48, 249, 0), (48, 418, 0), (48, 420, 0), (48, 465, 0), (48, 466, 0), (58, 2, 0), (58, 11, 0), (58, 15, 0), (58, 254, 0), (58, 419, 0), (58, 457, 0), (58, 458, 0), (58, 459, 0), (60, 2, 0), (60, 8, 0), (60, 13, 0), (60, 254, 0), (60, 255, 0), (60, 453, 0), (60, 454, 0), (60, 455, 0), (60, 456, 0), (62, 2, 0), (62, 8, 0), (62, 12, 0), (62, 15, 0), (62, 254, 0), (62, 418, 0), (62, 420, 0), (62, 422, 0), (62, 423, 0), (62, 424, 0), (66, 2, 0), (66, 8, 0), (66, 14, 0), (66, 254, 0), (66, 290, 0), (66, 291, 0), (66, 292, 0), (66, 293, 0), (66, 420, 0), (66, 421, 0), (68, 2, 0), (68, 14, 0), (68, 246, 0), (68, 418, 0), (68, 420, 0), (68, 421, 0), (68, 427, 0), (68, 449, 0), (68, 450, 0), (68, 451, 0), (68, 452, 0), (70, 2, 0), (70, 11, 0), (70, 245, 0), (70, 418, 0), (70, 420, 0), (70, 421, 0), (70, 422, 0), (70, 446, 0), (70, 447, 0), (70, 448, 0), (73, 2, 0), (73, 14, 0), (73, 418, 0), (73, 442, 0), (73, 443, 0), (73, 444, 0), (73, 445, 0), (75, 2, 0), (75, 14, 0), (75, 419, 0), (75, 439, 0), (75, 440, 0), (75, 441, 0), (83, 2, 0), (83, 14, 0), (83, 253, 0), (83, 418, 0), (83, 420, 0), (83, 421, 0), (83, 435, 0), (83, 436, 0), (83, 437, 0), (83, 438, 0), (85, 2, 0), (85, 13, 0), (85, 15, 0), (85, 249, 0), (85, 418, 0), (85, 420, 0), (85, 432, 0), (85, 433, 0), (85, 434, 0), (87, 3, 0), (87, 13, 0), (87, 15, 0), (87, 254, 0), (87, 418, 0), (87, 420, 0), (87, 421, 0), (87, 427, 0), (87, 428, 0), (87, 429, 0), (87, 430, 0), (87, 431, 0), (89, 5, 0), (89, 14, 0), (89, 254, 0), (89, 418, 0), (89, 425, 0), (89, 426, 0), (2534, 15, 0), (2534, 321, 0), (2536, 114, 0), (2540, 114, 0), (2546, 15, 0), (2546, 321, 0), (2549, 15, 0), (2549, 321, 0), (2581, 115, 0), (2581, 123, 0), (2581, 127, 0), (2581, 147, 0), (2581, 152, 0), (2581, 330, 0), (2581, 331, 0), (2581, 332, 0), (2581, 333, 0), (2581, 334, 0), (2581, 335, 0), (2581, 336, 0), (2581, 367, 0), (2581, 368, 0), (2581, 369, 0), (2581, 370, 0), (2581, 371, 0), (2591, 115, 0), (2591, 129, 0), (2591, 148, 0), (2591, 152, 0), (2591, 323, 0), (2591, 337, 0), (2591, 338, 0), (2591, 339, 0), (2591, 340, 0), (2591, 341, 0), (2591, 342, 0), (2591, 354, 0), (2591, 355, 0), (2591, 372, 0), (2591, 373, 0), (2591, 374, 0), (2591, 375, 0), (2591, 376, 0), (2591, 377, 0), (2601, 471, 0), (2607, 472, 0), (2610, 472, 0), (2615, 115, 0), (2615, 129, 0), (2615, 146, 0), (2615, 152, 0), (2615, 322, 0), (2615, 349, 0), (2615, 350, 0), (2615, 351, 0), (2615, 352, 0), (2615, 353, 0), (2615, 370, 0), (2615, 371, 0), (2615, 382, 0), (2615, 383, 0), (2622, 115, 0), (2622, 129, 0), (2622, 147, 0), (2622, 152, 0), (2622, 327, 0), (2622, 356, 0), (2622, 357, 0), (2622, 358, 0), (2622, 359, 0), (2622, 360, 0), (2636, 115, 0), (2636, 116, 0), (2636, 122, 0), (2636, 146, 0), (2636, 152, 0), (2636, 172, 0), (2636, 173, 0), (2636, 174, 0), (2636, 175, 0), (2636, 176, 0), (2636, 177, 0), (2636, 178, 0), (2636, 179, 0), (2636, 180, 0), (2636, 181, 0), (2636, 182, 0), (2636, 183, 0), (2636, 184, 0), (2636, 185, 0), (2636, 186, 0), (2644, 115, 0), (2644, 129, 0), (2644, 131, 0), (2644, 147, 0), (2644, 152, 0), (2644, 328, 0), (2644, 361, 0), (2644, 362, 0), (2644, 363, 0), (2644, 364, 0), (2644, 365, 0), (2644, 366, 0), (2644, 384, 0), (2644, 385, 0), (2644, 386, 0), (2644, 387, 0), (2644, 388, 0), (2644, 389, 0), (2655, 115, 0), (2655, 129, 0), (2655, 148, 0), (2655, 152, 0), (2655, 206, 0), (2655, 207, 0), (2655, 208, 0), (2655, 328, 0), (2655, 361, 0), (2655, 362, 0), (2655, 363, 0), (2655, 364, 0), (2655, 365, 0), (2655, 366, 0), (2662, 115, 0), (2662, 129, 0), (2662, 147, 0), (2662, 152, 0), (2662, 180, 0), (2662, 209, 0), (2662, 210, 0), (2662, 211, 0), (2662, 212, 0), (2662, 213, 0), (2662, 214, 0), (2662, 215, 0), (2662, 216, 0), (2662, 217, 0), (2662, 218, 0), (2662, 324, 0), (2662, 343, 0), (2662, 344, 0), (2662, 345, 0), (2662, 346, 0), (2662, 347, 0), (2662, 348, 0), (2669, 115, 0), (2669, 129, 0), (2669, 149, 0), (2669, 151, 0), (2669, 327, 0), (2669, 356, 0), (2669, 357, 0), (2669, 358, 0), (2669, 359, 0), (2669, 360, 0), (2669, 405, 0), (2669, 414, 0), (2669, 415, 0), (2669, 416, 0), (2669, 417, 0), (2688, 115, 0), (2688, 123, 0), (2688, 124, 0), (2688, 147, 0), (2688, 152, 0), (2688, 323, 0), (2688, 337, 0), (2688, 338, 0), (2688, 339, 0), (2688, 340, 0), (2688, 341, 0), (2688, 342, 0), (2688, 354, 0), (2688, 355, 0), (2688, 372, 0), (2688, 376, 0), (2688, 377, 0), (2688, 410, 0), (2688, 411, 0), (2688, 412, 0), (2688, 413, 0), (2693, 115, 0), (2693, 129, 0), (2693, 130, 0), (2693, 146, 0), (2693, 152, 0), (2693, 322, 0), (2693, 349, 0), (2693, 350, 0), (2693, 351, 0), (2693, 352, 0), (2693, 353, 0), (2693, 406, 0), (2693, 407, 0), (2693, 408, 0), (2693, 409, 0), (2700, 115, 0), (2700, 147, 0), (2700, 152, 0), (2700, 175, 0), (2700, 177, 0), (2700, 183, 0), (2700, 232, 0), (2700, 233, 0), (2700, 323, 0), (2700, 337, 0), (2700, 338, 0), (2700, 339, 0), (2700, 340, 0), (2700, 341, 0), (2700, 342, 0), (2700, 354, 0), (2700, 355, 0), (2705, 115, 0), (2705, 116, 0), (2705, 119, 0), (2705, 147, 0), (2705, 152, 0), (2705, 327, 0), (2705, 356, 0), (2705, 357, 0), (2705, 358, 0), (2705, 359, 0), (2705, 360, 0), (2705, 402, 0), (2705, 403, 0), (2705, 404, 0), (2705, 405, 0), (2710, 115, 0), (2710, 147, 0), (2710, 152, 0), (2710, 324, 0), (2710, 343, 0), (2710, 344, 0), (2710, 345, 0), (2710, 346, 0), (2710, 347, 0), (2710, 348, 0), (2710, 378, 0), (2710, 395, 0), (2710, 396, 0), (2710, 397, 0), (2710, 398, 0), (2710, 399, 0), (2710, 400, 0), (2710, 401, 0), (2717, 115, 0), (2717, 129, 0), (2717, 147, 0), (2717, 152, 0), (2717, 330, 0), (2717, 331, 0), (2717, 332, 0), (2717, 333, 0), (2717, 334, 0), (2717, 335, 0), (2717, 336, 0), (2717, 379, 0), (2717, 390, 0), (2717, 391, 0), (2717, 392, 0), (2717, 393, 0), (2717, 394, 0), (2812, 264, 0), (2816, 266, 0), (2820, 268, 0), (2825, 263, 0), (2832, 263, 0), (2838, 264, 0), (2842, 269, 0), (2846, 270, 0), (2851, 266, 0), (3056, 114, 0), (3079, 114, 0), (3088, 114, 0), (3089, 114, 0), (3090, 114, 0), (3204, 115, 0), (3204, 116, 0), (3204, 118, 0), (3204, 147, 0), (3204, 152, 0), (3204, 319, 0), (3204, 320, 0), (3204, 323, 0), (3204, 337, 0), (3204, 338, 0), (3204, 339, 0), (3204, 340, 0), (3204, 341, 0), (3204, 342, 0), (3204, 354, 0), (3204, 355, 0), (3221, 114, 0), (3222, 114, 0), (3223, 114, 0), (3235, 114, 0), (3275, 114, 0), (3503, 114, 0), (3505, 114, 0), (3823, 114, 0), (3824, 114, 0), (3825, 114, 0), (3826, 114, 0), (3827, 114, 0), (3828, 114, 0), (3829, 114, 0), (3830, 114, 0), (3831, 114, 0), (3832, 114, 0), (3833, 114, 0), (3834, 114, 0), (3835, 114, 0), (3836, 114, 0), (3837, 114, 0), (3838, 114, 0), (3849, 114, 0), (3850, 114, 0), (3851, 114, 0), (3852, 114, 0), (3859, 114, 0), (3860, 114, 0), (3861, 114, 0), (3862, 114, 0), (3863, 114, 0), (3864, 114, 0), (3865, 114, 0), (3866, 114, 0), (3867, 114, 0), (3868, 114, 0), (3869, 114, 0), (3870, 114, 0), (3871, 114, 0), (3872, 114, 0), (3873, 114, 0), (3874, 114, 0), (3875, 114, 0);  
 
INSERT INTO `wp_term_taxonomy` (`term_taxonomy_id`, `term_id`, `taxonomy`, `description`, `parent`, `count`) VALUES (1, 1, 'category', '', 0, 2), (2, 2, 'product_type', '', 0, 14), (3, 3, 'product_type', '', 0, 1), (4, 4, 'product_type', '', 0, 0), (5, 5, 'product_type', '', 0, 1), (6, 6, 'product_visibility', '', 0, 0), (7, 7, 'product_visibility', '', 0, 0), (8, 8, 'product_visibility', '', 0, 3), (9, 9, 'product_visibility', '', 0, 0), (10, 10, 'product_visibility', '', 0, 0), (11, 11, 'product_visibility', '', 0, 2), (12, 12, 'product_visibility', '', 0, 2), (13, 13, 'product_visibility', '', 0, 4), (14, 14, 'product_visibility', '', 0, 8), (15, 15, 'product_cat', '', 0, 7), (114, 114, 'nav_menu', '', 0, 51), (115, 115, 'l_location', '', 0, 16), (116, 116, 'l_location', '', 115, 3), (117, 117, 'l_location', '', 116, 0), (118, 118, 'l_location', '', 116, 1), (119, 119, 'l_location', '', 116, 1), (120, 120, 'l_location', '', 116, 0), (121, 121, 'l_location', '', 116, 0), (122, 122, 'l_location', '', 116, 1), (123, 123, 'l_location', '', 115, 2), (124, 124, 'l_location', '', 123, 1), (125, 125, 'l_location', '', 123, 0), (126, 126, 'l_location', '', 123, 0), (127, 127, 'l_location', '', 123, 1), (128, 128, 'l_location', '', 123, 0), (129, 129, 'l_location', '', 115, 9), (130, 130, 'l_location', '', 129, 1), (131, 131, 'l_location', '', 129, 1), (132, 132, 'l_location', '', 129, 0), (133, 133, 'l_location', '', 0, 0), (134, 134, 'l_location', '', 133, 0), (135, 135, 'l_location', '', 133, 0), (136, 136, 'l_location', '', 133, 0), (137, 137, 'l_location', '', 133, 0), (138, 138, 'l_location', '', 134, 0), (139, 139, 'l_location', '', 138, 0), (140, 140, 'l_location', '', 137, 0), (141, 141, 'l_location', '', 140, 0), (142, 142, 'l_location', '', 135, 0), (143, 143, 'l_location', '', 142, 0), (144, 144, 'l_location', '', 136, 0), (145, 145, 'l_location', '', 144, 0), (146, 146, 'l_price_type', '', 0, 3), (147, 147, 'l_price_type', '', 0, 10), (148, 148, 'l_price_type', '', 0, 2), (149, 149, 'l_price_type', '', 0, 1), (150, 150, 'l_currency', '', 0, 0), (151, 151, 'l_currency', '', 0, 1), (152, 152, 'l_currency', '', 0, 15), (153, 153, 'l_currency', '', 0, 0), (154, 154, 'l_tags', '', 0, 0), (155, 155, 'l_tags', '', 0, 0), (156, 156, 'l_tags', '', 0, 0), (157, 157, 'l_tags', '', 0, 0), (158, 158, 'l_tags', '', 0, 0), (159, 159, 'l_tags', '', 0, 0), (160, 160, 'l_tags', '', 0, 0), (161, 161, 'l_tags', '', 0, 0), (162, 162, 'l_tags', '', 0, 0), (163, 163, 'l_tags', '', 0, 0), (167, 167, 'l_tags', '', 0, 0), (168, 168, 'l_tags', '', 0, 0), (169, 169, 'l_tags', '', 0, 0), (170, 170, 'l_tags', '', 0, 0), (171, 171, 'l_tags', '', 0, 0), (172, 172, 'l_tags', '', 0, 1), (173, 173, 'l_tags', '', 0, 1), (174, 174, 'l_tags', '', 0, 1), (175, 175, 'l_tags', '', 0, 2), (176, 176, 'l_tags', '', 0, 1), (177, 177, 'l_tags', '', 0, 2), (178, 178, 'l_tags', '', 0, 1), (179, 179, 'l_tags', '', 0, 1), (180, 180, 'l_tags', '', 0, 2), (181, 181, 'l_tags', '', 0, 1), (182, 182, 'l_tags', '', 0, 1), (183, 183, 'l_tags', '', 0, 2), (184, 184, 'l_tags', '', 0, 1), (185, 185, 'l_tags', '', 0, 1), (186, 186, 'l_tags', '', 0, 1), (187, 187, 'l_tags', '', 0, 0), (188, 188, 'l_tags', '', 0, 0), (189, 189, 'l_tags', '', 0, 0), (190, 190, 'l_tags', '', 0, 0), (191, 191, 'l_tags', '', 0, 0), (192, 192, 'l_tags', '', 0, 0), (193, 193, 'l_tags', '', 0, 0), (194, 194, 'l_tags', '', 0, 0), (195, 195, 'l_tags', '', 0, 0), (196, 196, 'l_tags', '', 0, 0), (197, 197, 'l_tags', '', 0, 0), (198, 198, 'l_tags', '', 0, 0), (199, 199, 'l_tags', '', 0, 0), (200, 200, 'l_tags', '', 0, 0), (201, 201, 'l_tags', '', 0, 0), (202, 202, 'l_tags', '', 0, 0), (203, 203, 'l_tags', '', 0, 0), (204, 204, 'l_tags', '', 0, 0), (205, 205, 'l_tags', '', 0, 0), (206, 206, 'l_tags', '', 0, 1), (207, 207, 'l_tags', '', 0, 1), (208, 208, 'l_tags', '', 0, 1), (209, 209, 'l_tags', '', 0, 1), (210, 210, 'l_tags', '', 0, 1), (211, 211, 'l_tags', '', 0, 1), (212, 212, 'l_tags', '', 0, 1), (213, 213, 'l_tags', '', 0, 1), (214, 214, 'l_tags', '', 0, 1), (215, 215, 'l_tags', '', 0, 1), (216, 216, 'l_tags', '', 0, 1), (217, 217, 'l_tags', '', 0, 1), (218, 218, 'l_tags', '', 0, 1), (219, 219, 'l_tags', '', 0, 0), (220, 220, 'l_tags', '', 0, 0), (221, 221, 'l_tags', '', 0, 0), (222, 222, 'l_tags', '', 0, 0), (223, 223, 'l_tags', '', 0, 0), (224, 224, 'l_tags', '', 0, 0), (225, 225, 'l_tags', '', 0, 0), (226, 226, 'l_tags', '', 0, 0), (227, 227, 'l_tags', '', 0, 0), (228, 228, 'l_tags', '', 0, 0), (229, 229, 'l_tags', '', 0, 0), (230, 230, 'l_tags', '', 0, 0), (231, 231, 'l_tags', '', 0, 0), (232, 232, 'l_tags', '', 0, 1), (233, 233, 'l_tags', '', 0, 1), (234, 234, 'l_tags', '', 0, 0), (235, 235, 'l_tags', '', 0, 0), (236, 236, 'l_tags', '', 0, 0), (237, 237, 'l_tags', '', 0, 0), (238, 238, 'l_tags', '', 0, 0), (239, 239, 'l_tags', '', 0, 0), (240, 240, 'l_tags', '', 0, 0), (241, 241, 'l_tags', '', 0, 0), (242, 242, 'l_tags', '', 0, 0), (243, 243, 'l_tags', '', 0, 0), (244, 244, 'product_type', '', 0, 0), (245, 245, 'pa_color', '', 0, 3), (246, 246, 'pa_color', '', 0, 2), (247, 247, 'pa_size', '', 0, 0), (248, 248, 'pa_size', '', 0, 0), (249, 249, 'pa_color', '', 0, 3), (250, 250, 'pa_size', '', 0, 0), (253, 253, 'pa_color', '', 0, 2), (254, 254, 'product_cat', '', 0, 8), (255, 255, 'pa_color', '', 0, 1), (262, 262, 'l_event_cat', '', 0, 0), (263, 263, 'l_event_cat', '', 0, 2), (264, 264, 'l_event_cat', '', 0, 2), (265, 265, 'l_event_cat', '', 0, 0), (266, 266, 'l_event_cat', '', 0, 2), (267, 267, 'l_event_cat', '', 0, 0), (268, 268, 'l_event_cat', '', 0, 1), (269, 269, 'l_event_cat', '', 0, 1), (270, 270, 'l_event_cat', '', 0, 1), (271, 271, 'l_location', '', 0, 0), (272, 272, 'l_location', '', 0, 0), (273, 273, 'l_location', '', 0, 0), (274, 274, 'l_location', '', 0, 0), (275, 275, 'l_location', '', 115, 0), (279, 279, 'product_tag', '', 0, 0), (280, 280, 'product_tag', '', 0, 0), (281, 281, 'product_tag', '', 0, 0), (282, 282, 'product_tag', '', 0, 0), (283, 283, 'product_tag', '', 0, 0), (284, 284, 'product_tag', '', 0, 0), (285, 285, 'product_tag', '', 0, 0), (286, 286, 'product_tag', '', 0, 0), (287, 287, 'product_tag', '', 0, 0), (288, 288, 'product_tag', '', 0, 0), (289, 289, 'product_tag', '', 0, 0), (290, 290, 'product_tag', '', 0, 1), (291, 291, 'product_tag', '', 0, 1), (292, 292, 'product_tag', '', 0, 1), (293, 293, 'product_tag', '', 0, 1), (294, 294, 'product_tag', '', 0, 0), (295, 295, 'product_tag', '', 0, 0), (296, 296, 'product_tag', '', 0, 0), (297, 297, 'product_tag', '', 0, 0), (298, 298, 'product_tag', '', 0, 0), (299, 299, 'product_tag', '', 0, 0), (300, 300, 'product_tag', '', 0, 0), (301, 301, 'product_tag', '', 0, 0), (302, 302, 'product_tag', '', 0, 0), (303, 303, 'product_tag', '', 0, 0), (304, 304, 'product_tag', '', 0, 0), (305, 305, 'product_tag', '', 0, 0), (306, 306, 'product_tag', '', 0, 0), (307, 307, 'product_tag', '', 0, 0), (308, 308, 'product_tag', '', 0, 0), (309, 309, 'product_tag', '', 0, 0), (310, 310, 'product_tag', '', 0, 0), (311, 311, 'product_tag', '', 0, 0), (312, 312, 'product_tag', '', 0, 0), (313, 313, 'product_tag', '', 0, 0), (314, 314, 'product_tag', '', 0, 0), (315, 315, 'product_tag', '', 0, 0), (316, 316, 'product_tag', '', 0, 0), (317, 317, 'product_tag', '', 0, 0), (318, 318, 'product_tag', '', 0, 0), (319, 319, 'l_tags', '', 0, 1), (320, 320, 'l_tags', '', 0, 1), (321, 321, 'product_type', '', 0, 3), (322, 322, 'l_category', '', 0, 2), (323, 323, 'l_category', '', 0, 4), (324, 324, 'l_category', '', 0, 2), (325, 325, 'l_category', '', 0, 0), (327, 327, 'l_category', '', 0, 3), (328, 328, 'l_category', '', 0, 2), (330, 330, 'l_category', '', 0, 2), (331, 331, 'l_category', '', 330, 2), (332, 332, 'l_category', '', 330, 2), (333, 333, 'l_category', '', 330, 2), (334, 334, 'l_category', '', 330, 2), (335, 335, 'l_category', '', 330, 2), (336, 336, 'l_category', '', 330, 2), (337, 337, 'l_category', '', 323, 4), (338, 338, 'l_category', '', 323, 4), (339, 339, 'l_category', '', 323, 4), (340, 340, 'l_category', '', 323, 4), (341, 341, 'l_category', '', 323, 4), (342, 342, 'l_category', '', 323, 4), (343, 343, 'l_category', '', 324, 2), (344, 344, 'l_category', '', 324, 2), (345, 345, 'l_category', '', 324, 2), (346, 346, 'l_category', '', 324, 2), (347, 347, 'l_category', '', 324, 2), (348, 348, 'l_category', '', 324, 2), (349, 349, 'l_category', '', 322, 2), (350, 350, 'l_category', '', 322, 2), (351, 351, 'l_category', '', 322, 2), (352, 352, 'l_category', '', 322, 2), (353, 353, 'l_category', '', 322, 2), (354, 354, 'l_category', '', 323, 4), (355, 355, 'l_category', '', 323, 4), (356, 356, 'l_category', '', 327, 3), (357, 357, 'l_category', '', 327, 3), (358, 358, 'l_category', '', 327, 3), (359, 359, 'l_category', '', 327, 3), (360, 360, 'l_category', '', 327, 3), (361, 361, 'l_category', '', 328, 2), (362, 362, 'l_category', '', 328, 2), (363, 363, 'l_category', '', 328, 2), (364, 364, 'l_category', '', 328, 2), (365, 365, 'l_category', '', 328, 2), (366, 366, 'l_category', '', 328, 2), (367, 367, 'l_tags', '', 0, 1), (368, 368, 'l_tags', '', 0, 1), (369, 369, 'l_tags', '', 0, 1), (370, 370, 'l_tags', '', 0, 2), (371, 371, 'l_tags', '', 0, 2), (372, 372, 'l_tags', '', 0, 2), (373, 373, 'l_tags', '', 0, 1), (374, 374, 'l_tags', '', 0, 1), (375, 375, 'l_tags', '', 0, 1), (376, 376, 'l_tags', '', 0, 2), (377, 377, 'l_tags', '', 0, 2), (378, 378, 'l_tags', '', 0, 1), (379, 379, 'l_tags', '', 0, 1), (380, 380, 'l_tags', '', 0, 0), (381, 381, 'l_tags', '', 0, 0), (382, 382, 'l_tags', '', 0, 1), (383, 383, 'l_tags', '', 0, 1), (384, 384, 'l_tags', '', 0, 1), (385, 385, 'l_tags', '', 0, 1), (386, 386, 'l_tags', '', 0, 1), (387, 387, 'l_tags', '', 0, 1), (388, 388, 'l_tags', '', 0, 1), (389, 389, 'l_tags', '', 0, 1), (390, 390, 'l_tags', '', 0, 1), (391, 391, 'l_tags', '', 0, 1), (392, 392, 'l_tags', '', 0, 1), (393, 393, 'l_tags', '', 0, 1), (394, 394, 'l_tags', '', 0, 1), (395, 395, 'l_tags', '', 0, 1), (396, 396, 'l_tags', '', 0, 1), (397, 397, 'l_tags', '', 0, 1), (398, 398, 'l_tags', '', 0, 1), (399, 399, 'l_tags', '', 0, 1), (400, 400, 'l_tags', '', 0, 1), (401, 401, 'l_tags', '', 0, 1), (402, 402, 'l_tags', '', 0, 1), (403, 403, 'l_tags', '', 0, 1), (404, 404, 'l_tags', '', 0, 1), (405, 405, 'l_tags', '', 0, 2), (406, 406, 'l_tags', '', 0, 1), (407, 407, 'l_tags', '', 0, 1), (408, 408, 'l_tags', '', 0, 1), (409, 409, 'l_tags', '', 0, 1), (410, 410, 'l_tags', '', 0, 1), (411, 411, 'l_tags', '', 0, 1), (412, 412, 'l_tags', '', 0, 1), (413, 413, 'l_tags', '', 0, 1), (414, 414, 'l_tags', '', 0, 1), (415, 415, 'l_tags', '', 0, 1), (416, 416, 'l_tags', '', 0, 1), (417, 417, 'l_tags', '', 0, 1), (418, 418, 'product_cat', '', 0, 12), (419, 419, 'product_cat', '', 0, 2), (420, 420, 'product_cat', '', 418, 10), (421, 421, 'product_cat', '', 418, 6), (422, 422, 'product_tag', '', 0, 3), (423, 423, 'product_tag', '', 0, 1), (424, 424, 'product_tag', '', 0, 1), (425, 425, 'product_tag', '', 0, 1), (426, 426, 'product_tag', '', 0, 1), (427, 427, 'product_tag', '', 0, 2), (428, 428, 'product_tag', '', 0, 1), (429, 429, 'product_tag', '', 0, 1), (430, 430, 'product_tag', '', 0, 1), (431, 431, 'product_tag', '', 0, 1), (432, 432, 'product_tag', '', 0, 1), (433, 433, 'product_tag', '', 0, 1), (434, 434, 'product_tag', '', 0, 1), (435, 435, 'product_tag', '', 0, 1), (436, 436, 'product_tag', '', 0, 1), (437, 437, 'product_tag', '', 0, 1), (438, 438, 'product_tag', '', 0, 1), (439, 439, 'product_tag', '', 0, 1), (440, 440, 'product_tag', '', 0, 1), (441, 441, 'product_tag', '', 0, 1), (442, 442, 'product_tag', '', 0, 1), (443, 443, 'product_tag', '', 0, 1), (444, 444, 'product_tag', '', 0, 1), (445, 445, 'product_tag', '', 0, 1), (446, 446, 'product_tag', '', 0, 1), (447, 447, 'product_tag', '', 0, 1), (448, 448, 'product_tag', '', 0, 1), (449, 449, 'product_tag', '', 0, 1), (450, 450, 'product_tag', '', 0, 1), (451, 451, 'product_tag', '', 0, 1), (452, 452, 'product_tag', '', 0, 2), (453, 453, 'product_tag', '', 0, 1), (454, 454, 'product_tag', '', 0, 1), (455, 455, 'product_tag', '', 0, 1), (456, 456, 'product_tag', '', 0, 1), (457, 457, 'product_tag', '', 0, 1), (458, 458, 'product_tag', '', 0, 1), (459, 459, 'product_tag', '', 0, 1), (460, 460, 'product_tag', '', 0, 1), (461, 461, 'product_tag', '', 0, 1), (462, 462, 'product_tag', '', 0, 1), (463, 463, 'product_cat', '', 418, 1), (464, 464, 'product_tag', '', 0, 1), (465, 465, 'product_tag', '', 0, 1), (466, 466, 'product_tag', '', 0, 2), (467, 467, 'product_tag', '', 0, 1), (468, 468, 'product_tag', '', 0, 1), (469, 469, 'product_tag', '', 0, 1), (470, 470, 'category', '', 0, 0), (471, 471, 'category', '', 0, 2), (472, 472, 'category', '', 0, 5);